TAXID,Kingdom,Phylum,Class,Order,Family,Genus,Species,Strain
Otu0001,k__Bacteria,p__Proteobacteria,c__Betaproteobacteria,o__Burkholderiales,f__Sutterellaceae,g__Sutterella,s__Sutterella massiliensis,
Otu0002,k__Bacteria,p__Firmicutes,c__Clostridia,o__Clostridiales,f__Ruminococcaceae,g__Ruminococcus,,
Otu0003,k__Bacteria,p__Firmicutes,c__Clostridia,o__Clostridiales,f__Eubacteriaceae,g__Eubacterium,,
Otu0004,k__Bacteria,p__Bacteroidetes,c__Bacteroidia,o__Bacteroidales,f__Bacteroidaceae,g__Bacteroides,,
Otu0005,k__Bacteria,p__Actinobacteria,c__Coriobacteriia,o__Coriobacteriales,f__Atopobiaceae,g__Olsenella,,
Otu0006,k__Bacteria,p__Actinobacteria,c__Actinobacteria,o__Actinomycetales,f__Actinomycetaceae,g__Actinomyces,,
Otu0007,k__Bacteria,p__Actinobacteria,c__Actinobacteria,o__Actinomycetales,f__Actinomycetaceae,g__Actinobaculum,s__Actinobaculum massiliense,
Otu0008,k__Bacteria,p__Actinobacteria,c__Actinobacteria,o__Bifidobacteriales,f__Bifidobacteriaceae,g__Bifidobacterium,s__Bifidobacterium adolescentis,
Otu0009,k__Bacteria,p__Actinobacteria,c__Actinobacteria,o__Bifidobacteriales,f__Bifidobacteriaceae,g__Bifidobacterium,,
Otu0010,k__Bacteria,p__Actinobacteria,c__Actinobacteria,o__Actinomycetales,f__Actinomycetaceae,g__Actinomyces,s__Actinomyces odontolyticus,
Otu0011,k__Bacteria,p__Actinobacteria,c__Actinobacteria,o__Actinomycetales,f__Actinomycetaceae,g__Actinomyces,s__Actinomyces georgiae,
Otu0012,k__Bacteria,p__Actinobacteria,c__Actinobacteria,o__Actinomycetales,f__Actinomycetaceae,g__Actinomyces,s__Actinomyces dentalis,
Otu0013,k__Bacteria,p__Actinobacteria,c__Actinobacteria,o__Actinomycetales,f__Actinomycetaceae,g__Actinomyces,s__Actinomyces meyeri,
Otu0014,k__Bacteria,p__Actinobacteria,c__Actinobacteria,o__Actinomycetales,f__Actinomycetaceae,g__Actinomyces,s__Actinomyces israelii,
Otu0015,k__Bacteria,p__Actinobacteria,c__Actinobacteria,o__Actinomycetales,f__Actinomycetaceae,g__Actinomyces,s__Actinomyces graevenitzii,
Otu0016,k__Bacteria,p__Actinobacteria,c__Actinobacteria,o__Actinomycetales,f__Actinomycetaceae,g__Varibaculum,,
Otu0017,k__Bacteria,p__Actinobacteria,c__Actinobacteria,o__Actinomycetales,f__Actinomycetaceae,g__Actinomyces,s__Actinomyces turicensis,
Otu0018,k__Bacteria,p__Actinobacteria,c__Actinobacteria,o__Actinomycetales,f__Actinomycetaceae,g__Actinomyces,s__Actinomyces oris,
Otu0019,k__Bacteria,p__Actinobacteria,c__Actinobacteria,o__Actinomycetales,f__Actinomycetaceae,g__Mobiluncus,s__Mobiluncus mulieris,
Otu0020,k__Bacteria,p__Actinobacteria,c__Actinobacteria,o__Actinomycetales,f__Actinomycetaceae,g__Arcanobacterium,,
Otu0021,k__Bacteria,p__Actinobacteria,c__Actinobacteria,o__Bifidobacteriales,f__Bifidobacteriaceae,g__Bifidobacterium,s__Bifidobacterium longum,
Otu0022,k__Bacteria,p__Actinobacteria,c__Actinobacteria,o__Bifidobacteriales,f__Bifidobacteriaceae,g__Bifidobacterium,s__Bifidobacterium faecale,
Otu0023,k__Bacteria,p__Actinobacteria,c__Actinobacteria,o__Bifidobacteriales,f__Bifidobacteriaceae,g__Bifidobacterium,s__Bifidobacterium adolescentis,t__Bifidobacterium adolescentis ATCC 15703
Otu0024,k__Bacteria,p__Actinobacteria,c__Actinobacteria,o__Bifidobacteriales,f__Bifidobacteriaceae,g__Bifidobacterium,s__Bifidobacterium bifidum,t__Bifidobacterium bifidum ATCC 29521 = JCM 1255 = DSM 20456
Otu0025,k__Bacteria,p__Actinobacteria,c__Actinobacteria,o__Bifidobacteriales,f__Bifidobacteriaceae,g__Bifidobacterium,s__Bifidobacterium adolescentis,t__Bifidobacterium stercoris JCM 15918
Otu0026,k__Bacteria,p__Actinobacteria,c__Actinobacteria,o__Bifidobacteriales,f__Bifidobacteriaceae,g__Bifidobacterium,s__Bifidobacterium bifidum,
Otu0027,k__Bacteria,p__Actinobacteria,c__Actinobacteria,o__Bifidobacteriales,f__Bifidobacteriaceae,g__Bifidobacterium,s__Bifidobacterium angulatum,
Otu0028,k__Bacteria,p__Actinobacteria,c__Actinobacteria,o__Micrococcales,f__Micrococcaceae,g__Rothia,s__Rothia mucilaginosa,
Otu0029,k__Bacteria,p__Actinobacteria,c__Actinobacteria,o__Corynebacteriales,f__Corynebacteriaceae,g__Corynebacterium,,
Otu0030,k__Bacteria,p__Actinobacteria,c__Actinobacteria,o__Corynebacteriales,f__Corynebacteriaceae,g__Corynebacterium,s__Corynebacterium kroppenstedtii,
Otu0031,k__Bacteria,p__Actinobacteria,c__Actinobacteria,o__Corynebacteriales,f__Corynebacteriaceae,g__Corynebacterium,s__Corynebacterium accolens,
Otu0032,k__Bacteria,p__Actinobacteria,c__Actinobacteria,o__Corynebacteriales,f__Corynebacteriaceae,g__Corynebacterium,s__Corynebacterium durum,
Otu0033,k__Bacteria,p__Actinobacteria,c__Actinobacteria,o__Micrococcales,f__Microbacteriaceae,g__Microbacterium,s__Microbacterium phyllosphaerae,
Otu0034,k__Bacteria,p__Actinobacteria,c__Actinobacteria,o__Micrococcales,f__Micrococcaceae,g__Arthrobacter,s__Arthrobacter psychrolactophilus,
Otu0035,k__Bacteria,p__Actinobacteria,c__Actinobacteria,o__Micrococcales,f__Micrococcaceae,g__Rothia,,
Otu0036,k__Bacteria,p__Actinobacteria,c__Actinobacteria,o__Propionibacteriales,f__Propionibacteriaceae,g__Cutibacterium,s__Cutibacterium acnes,
Otu0037,k__Bacteria,p__Actinobacteria,c__Actinobacteria,o__Propionibacteriales,f__Propionibacteriaceae,g__Propionibacterium,s__Propionibacterium freudenreichii,t__Propionibacterium freudenreichii subsp. shermanii
Otu0038,k__Bacteria,p__Actinobacteria,c__Coriobacteriia,,,,,
Otu0039,k__Bacteria,p__Actinobacteria,c__Actinobacteria,o__Propionibacteriales,f__Propionibacteriaceae,g__Pseudopropionibacterium,s__Pseudopropionibacterium propionicum,
Otu0040,k__Bacteria,p__Actinobacteria,c__Coriobacteriia,o__Coriobacteriales,f__Atopobiaceae,g__Atopobium,s__Atopobium vaginae,t__Atopobium vaginae DSM 15829
Otu0041,k__Bacteria,p__Actinobacteria,c__Coriobacteriia,o__Coriobacteriales,f__Atopobiaceae,g__Atopobium,s__Atopobium deltae,
Otu0042,k__Bacteria,p__Actinobacteria,c__Coriobacteriia,o__Coriobacteriales,f__Atopobiaceae,g__Atopobium,s__Atopobium parvulum,
Otu0043,k__Bacteria,p__Actinobacteria,c__Coriobacteriia,o__Coriobacteriales,f__Atopobiaceae,g__Atopobium,s__Atopobium parvulum,t__Atopobium parvulum DSM 20469
Otu0044,k__Bacteria,p__Actinobacteria,c__Coriobacteriia,o__Coriobacteriales,f__Coriobacteriaceae,g__Collinsella,s__Collinsella aerofaciens,
Otu0045,k__Bacteria,p__Actinobacteria,c__Coriobacteriia,o__Coriobacteriales,f__Coriobacteriaceae,g__Collinsella,,
Otu0046,k__Bacteria,p__Actinobacteria,c__Coriobacteriia,o__Coriobacteriales,f__Atopobiaceae,g__Olsenella,s__Olsenella profusa,
Otu0047,k__Bacteria,p__Actinobacteria,c__Coriobacteriia,o__Coriobacteriales,f__Atopobiaceae,g__Olsenella,s__Olsenella uli,
Otu0048,k__Bacteria,p__Actinobacteria,c__Coriobacteriia,o__Coriobacteriales,f__Coriobacteriaceae,g__Collinsella,s__Collinsella stercoris,
Otu0049,k__Bacteria,p__Actinobacteria,c__Coriobacteriia,o__Coriobacteriales,f__Coriobacteriaceae,g__Collinsella,s__Collinsella intestinalis,
Otu0050,k__Bacteria,p__Actinobacteria,c__Coriobacteriia,o__Coriobacteriales,f__Coriobacteriaceae,g__Collinsella,s__Collinsella bouchesdurhonensis,
Otu0051,k__Bacteria,p__Actinobacteria,c__Coriobacteriia,o__Coriobacteriales,f__Coriobacteriaceae,g__Collinsella,s__Collinsella phocaeensis,
Otu0052,k__Bacteria,p__Actinobacteria,c__Coriobacteriia,o__Eggerthellales,f__Eggerthellaceae,g__Eggerthella,s__Eggerthella lenta,
Otu0053,k__Bacteria,p__Actinobacteria,c__Coriobacteriia,o__Eggerthellales,f__Eggerthellaceae,g__Adlercreutzia,s__Adlercreutzia equolifaciens,
Otu0054,k__Bacteria,p__Actinobacteria,c__Coriobacteriia,o__Eggerthellales,f__Eggerthellaceae,,,
Otu0055,k__Bacteria,p__Actinobacteria,c__Coriobacteriia,o__Coriobacteriales,f__Coriobacteriaceae,g__Parvibacter,,
Otu0056,k__Bacteria,p__Actinobacteria,c__Coriobacteriia,o__Coriobacteriales,f__Coriobacteriaceae,g__Collinsella,s__Collinsella tanakaei,t__Collinsella tanakaei YIT 12063
Otu0057,k__Bacteria,p__Actinobacteria,c__Coriobacteriia,o__Coriobacteriales,f__Coriobacteriaceae,g__Collinsella,s__Collinsella tanakaei,
Otu0058,k__Bacteria,p__Actinobacteria,c__Coriobacteriia,o__Coriobacteriales,f__Coriobacteriaceae,g__Enorma,s__Enorma timonensis,
Otu0059,k__Bacteria,p__Actinobacteria,c__Coriobacteriia,o__Eggerthellales,f__Eggerthellaceae,g__Adlercreutzia,,
Otu0060,k__Bacteria,p__Actinobacteria,c__Coriobacteriia,o__Eggerthellales,f__Eggerthellaceae,g__Eggerthella,,
Otu0061,k__Bacteria,p__Actinobacteria,c__Coriobacteriia,o__Eggerthellales,f__Eggerthellaceae,g__Gordonibacter,s__Gordonibacter faecihominis,
Otu0062,k__Bacteria,p__Actinobacteria,c__Coriobacteriia,o__Eggerthellales,f__Eggerthellaceae,g__Enterorhabdus,s__Enterorhabdus mucosicola,
Otu0063,k__Bacteria,p__Actinobacteria,c__Coriobacteriia,o__Eggerthellales,f__Eggerthellaceae,g__Gordonibacter,,
Otu0064,k__Bacteria,p__Actinobacteria,c__Coriobacteriia,o__Eggerthellales,f__Eggerthellaceae,g__Slackia,s__Slackia piriformis,t__Slackia piriformis YIT 12062
Otu0065,k__Bacteria,p__Actinobacteria,c__Coriobacteriia,o__Eggerthellales,f__Eggerthellaceae,g__Slackia,,
Otu0066,k__Bacteria,p__Actinobacteria,c__Coriobacteriia,o__Eggerthellales,f__Eggerthellaceae,g__Gordonibacter,s__Gordonibacter pamelaeae,
Otu0067,k__Bacteria,p__Actinobacteria,c__Coriobacteriia,o__Eggerthellales,f__Eggerthellaceae,g__Raoultibacter,,
Otu0068,k__Bacteria,p__Actinobacteria,c__Coriobacteriia,o__Eggerthellales,f__Eggerthellaceae,g__Gordonibacter,s__Gordonibacter urolithinfaciens,
Otu0069,k__Bacteria,p__Actinobacteria,c__Coriobacteriia,o__Eggerthellales,f__Eggerthellaceae,g__Gordonibacter,s__Gordonibacter pamelaeae,t__Gordonibacter pamelaeae 7-10-1-b
Otu0070,k__Bacteria,p__Actinobacteria,c__Coriobacteriia,o__Eggerthellales,f__Eggerthellaceae,g__Slackia,s__Slackia isoflavoniconvertens,
Otu0071,k__Bacteria,p__Actinobacteria,c__Coriobacteriia,o__Eggerthellales,f__Eggerthellaceae,g__Slackia,s__Slackia faecicanis,
Otu0072,k__Bacteria,p__Actinobacteria,c__Coriobacteriia,o__Eggerthellales,f__Eggerthellaceae,g__Slackia,s__Slackia piriformis,
Otu0073,k__Bacteria,p__Bacteroidetes,c__Bacteroidia,o__Bacteroidales,,,,
Otu0074,k__Bacteria,p__Actinobacteria,c__Thermoleophilia,o__Solirubrobacterales,f__Solirubrobacteraceae,g__Solirubrobacter,,
Otu0075,k__Bacteria,p__Bacteroidetes,c__Bacteroidia,o__Bacteroidales,f__Bacteroidaceae,,,
Otu0076,k__Bacteria,p__Bacteroidetes,c__Bacteroidia,o__Bacteroidales,f__Bacteroidaceae,g__Bacteroides,s__Bacteroides vulgatus,t__Bacteroides vulgatus ATCC 8482
Otu0077,k__Bacteria,p__Bacteroidetes,c__Bacteroidia,o__Bacteroidales,f__Bacteroidaceae,g__Bacteroides,s__Bacteroides vulgatus,
Otu0078,k__Bacteria,p__Bacteroidetes,c__Bacteroidia,o__Bacteroidales,f__Bacteroidaceae,g__Bacteroides,s__Bacteroides dorei,
Otu0079,k__Bacteria,p__Bacteroidetes,c__Bacteroidia,o__Bacteroidales,f__Bacteroidaceae,g__Bacteroides,s__Bacteroides coprocola,
Otu0080,k__Bacteria,p__Bacteroidetes,c__Bacteroidia,o__Bacteroidales,f__Bacteroidaceae,g__Bacteroides,s__Bacteroides cellulosilyticus,
Otu0081,k__Bacteria,p__Bacteroidetes,c__Bacteroidia,o__Bacteroidales,f__Bacteroidaceae,g__Bacteroides,s__Bacteroides caccae,
Otu0082,k__Bacteria,p__Bacteroidetes,c__Bacteroidia,o__Bacteroidales,f__Bacteroidaceae,g__Bacteroides,s__Bacteroides caecigallinarum,
Otu0083,k__Bacteria,p__Bacteroidetes,c__Bacteroidia,o__Bacteroidales,f__Bacteroidaceae,g__Bacteroides,s__Bacteroides cellulosilyticus,t__Bacteroides cellulosilyticus DSM 14838
Otu0084,k__Bacteria,p__Bacteroidetes,c__Bacteroidia,o__Bacteroidales,f__Bacteroidaceae,g__Bacteroides,s__Bacteroides clarus,t__Bacteroides clarus YIT 12056
Otu0085,k__Bacteria,p__Bacteroidetes,c__Bacteroidia,o__Bacteroidales,f__Bacteroidaceae,g__Bacteroides,s__Bacteroides coprocola,t__Bacteroides coprocola DSM 17136
Otu0086,k__Bacteria,p__Bacteroidetes,c__Bacteroidia,o__Bacteroidales,f__Bacteroidaceae,g__Bacteroides,s__Bacteroides coprophilus,
Otu0087,k__Bacteria,p__Bacteroidetes,c__Bacteroidia,o__Bacteroidales,f__Bacteroidaceae,g__Bacteroides,s__Bacteroides massiliensis,
Otu0088,k__Bacteria,p__Bacteroidetes,c__Bacteroidia,o__Bacteroidales,f__Bacteroidaceae,g__Bacteroides,s__Bacteroides intestinalis,
Otu0089,k__Bacteria,p__Bacteroidetes,c__Bacteroidia,o__Bacteroidales,f__Bacteroidaceae,g__Bacteroides,s__Bacteroides fragilis,
Otu0090,k__Bacteria,p__Bacteroidetes,c__Bacteroidia,o__Bacteroidales,f__Bacteroidaceae,g__Bacteroides,s__Bacteroides finegoldii,
Otu0091,k__Bacteria,p__Bacteroidetes,c__Bacteroidia,o__Bacteroidales,f__Bacteroidaceae,g__Bacteroides,s__Bacteroides faecis,
Otu0092,k__Bacteria,p__Bacteroidetes,c__Bacteroidia,o__Bacteroidales,f__Bacteroidaceae,g__Bacteroides,s__Bacteroides eggerthii,
Otu0093,k__Bacteria,p__Bacteroidetes,c__Bacteroidia,o__Bacteroidales,f__Bacteroidaceae,g__Bacteroides,s__Bacteroides faecis,t__Bacteroides faecis MAJ27
Otu0094,k__Bacteria,p__Bacteroidetes,c__Bacteroidia,o__Bacteroidales,f__Bacteroidaceae,g__Bacteroides,s__Bacteroides fluxus,
Otu0095,k__Bacteria,p__Bacteroidetes,c__Bacteroidia,o__Bacteroidales,f__Bacteroidaceae,g__Bacteroides,s__Bacteroides fluxus,t__Bacteroides fluxus YIT 12057
Otu0096,k__Bacteria,p__Bacteroidetes,c__Bacteroidia,o__Bacteroidales,f__Bacteroidaceae,g__Bacteroides,s__Bacteroides stercoris,
Otu0097,k__Bacteria,p__Bacteroidetes,c__Bacteroidia,o__Bacteroidales,f__Bacteroidaceae,g__Bacteroides,s__Bacteroides ovatus,
Otu0098,k__Bacteria,p__Bacteroidetes,c__Bacteroidia,o__Bacteroidales,f__Bacteroidaceae,g__Bacteroides,s__Bacteroides nordii,t__Bacteroides nordii WAL 11050 = JCM 12987
Otu0099,k__Bacteria,p__Bacteroidetes,c__Bacteroidia,o__Bacteroidales,f__Bacteroidaceae,g__Bacteroides,s__Bacteroides nordii,
Otu0100,k__Bacteria,p__Bacteroidetes,c__Bacteroidia,o__Bacteroidales,f__Bacteroidaceae,g__Bacteroides,s__Bacteroides mediterraneensis,
Otu0101,k__Bacteria,p__Bacteroidetes,c__Bacteroidia,o__Bacteroidales,f__Bacteroidaceae,g__Bacteroides,s__Bacteroides oleiciplenus,t__Bacteroides oleiciplenus YIT 12058
Otu0102,k__Bacteria,p__Bacteroidetes,c__Bacteroidia,o__Bacteroidales,f__Bacteroidaceae,g__Bacteroides,s__Bacteroides oleiciplenus,
Otu0103,k__Bacteria,p__Bacteroidetes,c__Bacteroidia,o__Bacteroidales,f__Bacteroidaceae,g__Bacteroides,s__Bacteroides plebeius,
Otu0104,k__Bacteria,p__Bacteroidetes,c__Bacteroidia,o__Bacteroidales,f__Bacteroidaceae,g__Bacteroides,s__Bacteroides paurosaccharolyticus,
Otu0105,k__Bacteria,p__Bacteroidetes,c__Bacteroidia,o__Bacteroidales,f__Bacteroidaceae,g__Bacteroides,s__Bacteroides rodentium,t__Bacteroides rodentium JCM 16496
Otu0106,k__Bacteria,p__Bacteroidetes,c__Bacteroidia,o__Bacteroidales,f__Bacteroidaceae,g__Bacteroides,s__Bacteroides plebeius,t__Bacteroides plebeius DSM 17135
Otu0107,k__Bacteria,p__Bacteroidetes,c__Bacteroidia,o__Bacteroidales,f__Bacteroidaceae,g__Bacteroides,s__Bacteroides rodentium,
Otu0108,k__Bacteria,p__Bacteroidetes,c__Bacteroidia,o__Bacteroidales,f__Bacteroidaceae,g__Bacteroides,s__Bacteroides sartorii,
Otu0109,k__Bacteria,p__Bacteroidetes,c__Bacteroidia,o__Bacteroidales,f__Bacteroidaceae,g__Bacteroides,s__Bacteroides salyersiae,
Otu0110,k__Bacteria,p__Bacteroidetes,c__Bacteroidia,o__Bacteroidales,f__Bacteroidaceae,g__Bacteroides,s__Bacteroides stercorirosoris,
Otu0111,k__Bacteria,p__Bacteroidetes,c__Bacteroidia,o__Bacteroidales,f__Bacteroidaceae,g__Bacteroides,s__Bacteroides sartorii,t__Bacteroides sartorii JCM 16497
Otu0112,k__Bacteria,p__Bacteroidetes,c__Bacteroidia,o__Bacteroidales,f__Bacteroidaceae,g__Bacteroides,s__Bacteroides sartorii,t__Bacteroides sartorii JCM 17136 = DSM 21941
Otu0113,k__Bacteria,p__Bacteroidetes,c__Bacteroidia,o__Bacteroidales,f__Bacteroidaceae,g__Bacteroides,s__Bacteroides stercorirosoris,t__Bacteroides stercorirosoris JCM 17103
Otu0114,k__Bacteria,p__Bacteroidetes,c__Bacteroidia,o__Bacteroidales,f__Bacteroidaceae,g__Bacteroides,s__Bacteroides uniformis,
Otu0115,k__Bacteria,p__Bacteroidetes,c__Bacteroidia,o__Bacteroidales,f__Bacteroidaceae,g__Bacteroides,s__Bacteroides thetaiotaomicron,
Otu0116,k__Bacteria,p__Bacteroidetes,c__Bacteroidia,o__Bacteroidales,f__Bacteroidaceae,g__Bacteroides,s__Bacteroides stercoris,t__Bacteroides stercoris ATCC 43183
Otu0117,k__Bacteria,p__Bacteroidetes,c__Bacteroidia,o__Bacteroidales,f__Bacteroidaceae,g__Bacteroides,s__Bacteroides timonensis,t__Bacteroides timonensis AP1
Otu0118,k__Bacteria,p__Firmicutes,c__Clostridia,o__Clostridiales,,,,
Otu0119,k__Bacteria,p__Firmicutes,c__Bacilli,o__Lactobacillales,f__Streptococcaceae,g__Streptococcus,,
Otu0120,k__Bacteria,p__Firmicutes,c__Bacilli,o__Lactobacillales,f__Lactobacillaceae,g__Lactobacillus,s__Lactobacillus johnsonii,
Otu0121,k__Bacteria,p__Firmicutes,c__Bacilli,o__Lactobacillales,f__Enterococcaceae,g__Enterococcus,,
Otu0122,k__Bacteria,p__Bacteroidetes,c__Bacteroidia,o__Bacteroidales,f__Rikenellaceae,g__Alistipes,,
Otu0123,k__Bacteria,p__Bacteroidetes,c__Bacteroidia,o__Bacteroidales,f__Prevotellaceae,g__Prevotella,s__Prevotella stercorea,t__Prevotella stercorea DSM 18206
Otu0124,k__Bacteria,p__Bacteroidetes,c__Bacteroidia,o__Bacteroidales,f__Prevotellaceae,g__Massiliprevotella,s__Massiliprevotella massiliensis,
Otu0125,k__Bacteria,p__Bacteroidetes,c__Bacteroidia,o__Bacteroidales,f__Prevotellaceae,g__Massiliprevotella,,
Otu0126,k__Bacteria,p__Bacteroidetes,c__Bacteroidia,o__Bacteroidales,f__Barnesiellaceae,g__Barnesiella,s__Barnesiella intestinihominis,
Otu0127,k__Bacteria,p__Bacteroidetes,c__Bacteroidia,o__Bacteroidales,f__Barnesiellaceae,g__Barnesiella,,
Otu0128,k__Bacteria,p__Bacteroidetes,c__Bacteroidia,o__Bacteroidales,f__Bacteroidaceae,g__Bacteroides,s__Bacteroides xylanisolvens,
Otu0129,k__Bacteria,p__Bacteroidetes,c__Bacteroidia,o__Bacteroidales,f__Bacteroidaceae,g__Bacteroides,s__Bacteroides xylanisolvens,t__Bacteroides xylanisolvens XB1A
Otu0130,k__Bacteria,p__Bacteroidetes,c__Bacteroidia,o__Bacteroidales,f__Bacteroidaceae,g__Bacteroides,s__Bacteroides xylanolyticus,
Otu0131,k__Bacteria,p__Bacteroidetes,c__Bacteroidia,o__Bacteroidales,f__Odoribacteraceae,g__Odoribacter,,
Otu0132,k__Bacteria,p__Bacteroidetes,c__Bacteroidia,o__Bacteroidales,f__Odoribacteraceae,g__Butyricimonas,,
Otu0133,k__Bacteria,p__Bacteroidetes,c__Bacteroidia,o__Bacteroidales,f__Barnesiellaceae,g__Coprobacter,s__Coprobacter fastidiosus,
Otu0134,k__Bacteria,p__Bacteroidetes,c__Bacteroidia,o__Bacteroidales,f__Barnesiellaceae,g__Barnesiella,s__Barnesiella intestinihominis,t__Barnesiella intestinihominis YIT 11860
Otu0135,k__Bacteria,p__Bacteroidetes,c__Bacteroidia,o__Bacteroidales,f__Barnesiellaceae,g__Coprobacter,,
Otu0136,k__Bacteria,p__Bacteroidetes,c__Bacteroidia,o__Bacteroidales,f__Barnesiellaceae,g__Coprobacter,s__Coprobacter fastidiosus,t__Coprobacter fastidiosus NSB1
Otu0137,k__Bacteria,p__Bacteroidetes,c__Bacteroidia,o__Bacteroidales,f__Dysgonamonadaceae,g__Dysgonomonas,s__Dysgonomonas capnocytophagoides,
Otu0138,k__Bacteria,p__Bacteroidetes,c__Bacteroidia,o__Bacteroidales,f__Dysgonamonadaceae,g__Dysgonomonas,s__Dysgonomonas gadei,t__Dysgonomonas gadei ATCC BAA-286
Otu0139,k__Bacteria,p__Bacteroidetes,c__Bacteroidia,o__Bacteroidales,f__Odoribacteraceae,g__Butyricimonas,s__Butyricimonas virosa,
Otu0140,k__Bacteria,p__Bacteroidetes,c__Bacteroidia,o__Bacteroidales,f__Odoribacteraceae,g__Butyricimonas,s__Butyricimonas paravirosa,
Otu0141,k__Bacteria,p__Bacteroidetes,c__Bacteroidia,o__Bacteroidales,f__Odoribacteraceae,g__Butyricimonas,s__Butyricimonas faecihominis,
Otu0142,k__Bacteria,p__Bacteroidetes,c__Bacteroidia,o__Bacteroidales,f__Odoribacteraceae,g__Odoribacter,s__Odoribacter laneus,t__Odoribacter laneus YIT 12061
Otu0143,k__Bacteria,p__Bacteroidetes,c__Bacteroidia,o__Bacteroidales,f__Odoribacteraceae,g__Odoribacter,s__Odoribacter laneus,
Otu0144,k__Bacteria,p__Bacteroidetes,c__Bacteroidia,o__Bacteroidales,f__Odoribacteraceae,g__Odoribacter,s__Odoribacter splanchnicus,
Otu0145,k__Bacteria,p__Bacteroidetes,c__Bacteroidia,o__Bacteroidales,f__Porphyromonadaceae,g__Gabonibacter,,
Otu0146,k__Bacteria,p__Bacteroidetes,c__Bacteroidia,o__Bacteroidales,f__Porphyromonadaceae,g__Porphyromonas,s__Porphyromonas uenonis,
Otu0147,k__Bacteria,p__Bacteroidetes,c__Bacteroidia,o__Bacteroidales,f__Porphyromonadaceae,g__Gabonibacter,s__Gabonibacter massiliensis,
Otu0148,k__Bacteria,p__Bacteroidetes,c__Bacteroidia,o__Bacteroidales,f__Porphyromonadaceae,g__Porphyromonas,,
Otu0149,k__Bacteria,p__Bacteroidetes,c__Bacteroidia,o__Bacteroidales,f__Porphyromonadaceae,g__Porphyromonas,s__Porphyromonas bennonis,
Otu0150,k__Bacteria,p__Bacteroidetes,c__Bacteroidia,o__Bacteroidales,f__Prevotellaceae,g__Prevotella,,
Otu0151,k__Bacteria,p__Bacteroidetes,c__Bacteroidia,o__Bacteroidales,f__Prevotellaceae,g__Paraprevotella,s__Paraprevotella clara,t__Paraprevotella clara YIT 11840
Otu0152,k__Bacteria,p__Bacteroidetes,c__Bacteroidia,o__Bacteroidales,f__Prevotellaceae,g__Paraprevotella,s__Paraprevotella clara,
Otu0153,k__Bacteria,p__Bacteroidetes,c__Bacteroidia,o__Bacteroidales,f__Prevotellaceae,g__Paraprevotella,,
Otu0154,k__Bacteria,p__Bacteroidetes,c__Bacteroidia,o__Bacteroidales,f__Prevotellaceae,g__Metaprevotella,,
Otu0155,k__Bacteria,p__Bacteroidetes,c__Bacteroidia,o__Bacteroidales,f__Prevotellaceae,g__Metaprevotella,s__Metaprevotella massiliensis,
Otu0156,k__Bacteria,p__Bacteroidetes,c__Bacteroidia,o__Bacteroidales,f__Prevotellaceae,g__Prevotella,s__Prevotella copri,
Otu0157,k__Bacteria,p__Bacteroidetes,c__Bacteroidia,o__Bacteroidales,f__Prevotellaceae,g__Prevotella,s__Prevotella buccae,t__Prevotella buccae ATCC 33574
Otu0158,k__Bacteria,p__Bacteroidetes,c__Bacteroidia,o__Bacteroidales,f__Prevotellaceae,g__Prevotella,s__Prevotella buccae,
Otu0159,k__Bacteria,p__Bacteroidetes,c__Bacteroidia,o__Bacteroidales,f__Prevotellaceae,g__Prevotella,s__Prevotella bivia,
Otu0160,k__Bacteria,p__Bacteroidetes,c__Bacteroidia,o__Bacteroidales,f__Prevotellaceae,g__Prevotella,s__Prevotella buccalis,
Otu0161,k__Bacteria,p__Bacteroidetes,c__Bacteroidia,o__Bacteroidales,f__Prevotellaceae,g__Prevotella,s__Prevotella stercorea,
Otu0162,k__Bacteria,p__Bacteroidetes,c__Bacteroidia,o__Bacteroidales,f__Prevotellaceae,g__Prevotella,s__Prevotella copri,t__Prevotella copri DSM 18205
Otu0163,k__Bacteria,p__Bacteroidetes,c__Bacteroidia,o__Bacteroidales,f__Prevotellaceae,g__Prevotella,s__Prevotella shahii,
Otu0164,k__Bacteria,p__Bacteroidetes,c__Bacteroidia,o__Bacteroidales,f__Prevotellaceae,g__Prevotella,s__Prevotella corporis,
Otu0165,k__Bacteria,p__Bacteroidetes,c__Bacteroidia,o__Bacteroidales,f__Prevotellaceae,g__Prevotella,s__Prevotella disiens,
Otu0166,k__Bacteria,p__Bacteroidetes,c__Bacteroidia,o__Bacteroidales,f__Prevotellaceae,g__Prevotella,s__Prevotella oulorum,
Otu0167,k__Bacteria,p__Bacteroidetes,c__Bacteroidia,o__Bacteroidales,f__Prevotellaceae,g__Prevotellamassilia,s__Prevotellamassilia timonensis,
Otu0168,k__Bacteria,p__Bacteroidetes,c__Bacteroidia,o__Bacteroidales,f__Prevotellaceae,g__Prevotellamassilia,,
Otu0169,k__Bacteria,p__Bacteroidetes,c__Bacteroidia,o__Bacteroidales,f__Prevotellaceae,g__Prevotella,s__Prevotella timonensis,t__Prevotella timonensis 4401737 = DSM 22865 = JCM 15640
Otu0170,k__Bacteria,p__Bacteroidetes,c__Bacteroidia,o__Bacteroidales,f__Rikenellaceae,,,
Otu0171,k__Bacteria,p__Bacteroidetes,c__Bacteroidia,o__Bacteroidales,f__Tannerellaceae,g__Parabacteroides,,
Otu0172,k__Bacteria,p__Bacteroidetes,c__Bacteroidia,o__Bacteroidales,f__Rikenellaceae,g__Alistipes,s__Alistipes onderdonkii,
Otu0173,k__Bacteria,p__Bacteroidetes,c__Bacteroidia,o__Bacteroidales,f__Rikenellaceae,g__Alistipes,s__Alistipes finegoldii,t__Alistipes finegoldii DSM 17242
Otu0174,k__Bacteria,p__Bacteroidetes,c__Bacteroidia,o__Bacteroidales,f__Rikenellaceae,g__Alistipes,s__Alistipes finegoldii,
Otu0175,k__Bacteria,p__Bacteroidetes,c__Bacteroidia,o__Bacteroidales,f__Rikenellaceae,g__Alistipes,s__Alistipes obesi,
Otu0176,k__Bacteria,p__Bacteroidetes,c__Bacteroidia,o__Bacteroidales,f__Rikenellaceae,g__Alistipes,s__Alistipes ihumii,
Otu0177,k__Bacteria,p__Bacteroidetes,c__Bacteroidia,o__Bacteroidales,f__Rikenellaceae,g__Alistipes,s__Alistipes indistinctus,t__Alistipes indistinctus YIT 12060
Otu0178,k__Bacteria,p__Bacteroidetes,c__Bacteroidia,o__Bacteroidales,f__Rikenellaceae,g__Alistipes,s__Alistipes indistinctus,
Otu0179,k__Bacteria,p__Bacteroidetes,c__Bacteroidia,o__Bacteroidales,f__Rikenellaceae,g__Alistipes,s__Alistipes ihumii,t__Alistipes ihumii AP11
Otu0180,k__Bacteria,p__Bacteroidetes,c__Bacteroidia,o__Bacteroidales,f__Rikenellaceae,g__Alistipes,s__Alistipes putredinis,
Otu0181,k__Bacteria,p__Bacteroidetes,c__Bacteroidia,o__Bacteroidales,f__Rikenellaceae,g__Alistipes,s__Alistipes shahii,
Otu0182,k__Bacteria,p__Bacteroidetes,c__Bacteroidia,o__Bacteroidales,f__Rikenellaceae,g__Alistipes,s__Alistipes senegalensis,
Otu0183,k__Bacteria,p__Bacteroidetes,c__Bacteroidia,o__Bacteroidales,f__Rikenellaceae,g__Alistipes,s__Alistipes senegalensis,t__Alistipes senegalensis JC50
Otu0184,k__Bacteria,p__Bacteroidetes,c__Bacteroidia,o__Bacteroidales,f__Rikenellaceae,g__Alistipes,s__Alistipes shahii,t__Alistipes shahii WAL 8301
Otu0185,k__Bacteria,p__Bacteroidetes,c__Bacteroidia,o__Bacteroidales,f__Rikenellaceae,g__Alistipes,s__Alistipes timonensis,
Otu0186,k__Bacteria,p__Bacteroidetes,c__Bacteroidia,o__Bacteroidales,f__Rikenellaceae,g__Alistipes,s__Alistipes timonensis,t__Alistipes timonensis JC136
Otu0187,k__Bacteria,p__Firmicutes,,,,,,
Otu0188,k__Bacteria,p__Bacteroidetes,c__Bacteroidia,o__Bacteroidales,f__Tannerellaceae,g__Parabacteroides,s__Parabacteroides distasonis,
Otu0189,k__Bacteria,p__Bacteroidetes,c__Bacteroidia,o__Bacteroidales,f__Tannerellaceae,g__Parabacteroides,s__Parabacteroides merdae,
Otu0190,k__Bacteria,p__Bacteroidetes,c__Bacteroidia,o__Bacteroidales,f__Tannerellaceae,g__Parabacteroides,s__Parabacteroides faecis,
Otu0191,k__Bacteria,p__Bacteroidetes,c__Bacteroidia,o__Bacteroidales,f__Tannerellaceae,g__Parabacteroides,s__Parabacteroides distasonis,t__Parabacteroides distasonis ATCC 8503
Otu0192,k__Bacteria,p__Bacteroidetes,c__Bacteroidia,o__Bacteroidales,f__Tannerellaceae,g__Parabacteroides,s__Parabacteroides goldsteinii,
Otu0193,k__Bacteria,p__Bacteroidetes,c__Bacteroidia,o__Bacteroidales,f__Tannerellaceae,g__Parabacteroides,s__Parabacteroides goldsteinii,t__Parabacteroides goldsteinii DSM 19448 = WAL 12034
Otu0194,k__Bacteria,p__Bacteroidetes,c__Bacteroidia,o__Bacteroidales,f__Tannerellaceae,g__Parabacteroides,s__Parabacteroides johnsonii,
Otu0195,k__Bacteria,p__Bacteroidetes,c__Bacteroidia,o__Bacteroidales,f__Tannerellaceae,g__Parabacteroides,s__Parabacteroides merdae,t__Parabacteroides merdae ATCC 43184
Otu0196,k__Bacteria,p__Firmicutes,c__Bacilli,o__Lactobacillales,f__Carnobacteriaceae,g__Granulicatella,s__Granulicatella elegans,
Otu0197,k__Bacteria,p__Firmicutes,c__Bacilli,o__Bacillales,f__Staphylococcaceae,g__Staphylococcus,,
Otu0198,k__Bacteria,p__Firmicutes,c__Bacilli,o__Bacillales,f__,g__Gemella,s__Gemella morbillorum,
Otu0199,k__Bacteria,p__Firmicutes,c__Bacilli,o__Bacillales,f__,g__Gemella,,
Otu0200,k__Bacteria,p__Firmicutes,c__Bacilli,o__Bacillales,f__,g__Gemella,s__Gemella sanguinis,
Otu0201,k__Bacteria,p__Firmicutes,c__Bacilli,o__Lactobacillales,f__Carnobacteriaceae,g__Granulicatella,,
Otu0202,k__Bacteria,p__Firmicutes,c__Bacilli,o__Lactobacillales,f__Carnobacteriaceae,g__Granulicatella,s__Granulicatella adiacens,
Otu0203,k__Bacteria,p__Firmicutes,c__Bacilli,o__Lactobacillales,f__Lactobacillaceae,g__Lactobacillus,s__Lactobacillus fermentum,
Otu0204,k__Bacteria,p__Firmicutes,c__Bacilli,o__Lactobacillales,f__Lactobacillaceae,g__Lactobacillus,,
Otu0205,k__Bacteria,p__Firmicutes,c__Bacilli,o__Lactobacillales,f__Enterococcaceae,g__Enterococcus,s__Enterococcus faecium,
Otu0206,k__Bacteria,p__Firmicutes,c__Bacilli,o__Lactobacillales,f__Enterococcaceae,g__Enterococcus,s__Enterococcus avium,t__Enterococcus avium ATCC 14025
Otu0207,k__Bacteria,p__Firmicutes,c__Bacilli,o__Lactobacillales,f__Enterococcaceae,g__Enterococcus,s__Enterococcus avium,
Otu0208,k__Bacteria,p__Firmicutes,c__Bacilli,o__Lactobacillales,f__Enterococcaceae,g__Enterococcus,s__Enterococcus faecalis,
Otu0209,k__Bacteria,p__Firmicutes,c__Bacilli,o__Lactobacillales,f__Enterococcaceae,g__Enterococcus,s__Enterococcus casseliflavus,
Otu0210,k__Bacteria,p__Firmicutes,c__Bacilli,o__Lactobacillales,f__Enterococcaceae,g__Enterococcus,s__Enterococcus hirae,t__Enterococcus hirae ATCC 9790
Otu0211,k__Bacteria,p__Firmicutes,c__Bacilli,o__Lactobacillales,f__Enterococcaceae,g__Enterococcus,s__Enterococcus hirae,
Otu0212,k__Bacteria,p__Firmicutes,c__Bacilli,o__Lactobacillales,f__Enterococcaceae,g__Enterococcus,s__Enterococcus gallinarum,
Otu0213,k__Bacteria,p__Firmicutes,c__Bacilli,o__Lactobacillales,f__Lactobacillaceae,g__Lactobacillus,s__Lactobacillus delbrueckii,
Otu0214,k__Bacteria,p__Firmicutes,c__Bacilli,o__Lactobacillales,f__Lactobacillaceae,g__Lactobacillus,s__Lactobacillus animalis,
Otu0215,k__Bacteria,p__Firmicutes,c__Bacilli,o__Lactobacillales,f__Lactobacillaceae,g__Lactobacillus,s__Lactobacillus acidophilus,
Otu0216,k__Bacteria,p__Firmicutes,c__Bacilli,o__Lactobacillales,f__Lactobacillaceae,g__Lactobacillus,s__Lactobacillus algidus,
Otu0217,k__Bacteria,p__Firmicutes,c__Bacilli,o__Lactobacillales,f__Lactobacillaceae,g__Lactobacillus,s__Lactobacillus amylovorus,t__Lactobacillus amylovorus DSM 20531
Otu0218,k__Bacteria,p__Firmicutes,c__Bacilli,o__Lactobacillales,f__Lactobacillaceae,g__Lactobacillus,s__Lactobacillus crispatus,
Otu0219,k__Bacteria,p__Firmicutes,c__Bacilli,o__Lactobacillales,f__Lactobacillaceae,g__Lactobacillus,s__Lactobacillus iners,
Otu0220,k__Bacteria,p__Firmicutes,c__Bacilli,o__Lactobacillales,f__Leuconostocaceae,g__Weissella,s__Weissella confusa,
Otu0221,k__Bacteria,p__Firmicutes,c__Bacilli,o__Lactobacillales,f__Leuconostocaceae,g__Weissella,,
Otu0222,k__Bacteria,p__Firmicutes,c__Bacilli,o__Lactobacillales,f__Lactobacillaceae,g__Lactobacillus,s__Lactobacillus reuteri,t__Lactobacillus reuteri DSM 20016
Otu0223,k__Bacteria,p__Firmicutes,c__Bacilli,o__Lactobacillales,f__Lactobacillaceae,g__Lactobacillus,s__Lactobacillus reuteri,
Otu0224,k__Bacteria,p__Firmicutes,c__Bacilli,o__Lactobacillales,f__Lactobacillaceae,g__Lactobacillus,s__Lactobacillus mucosae,
Otu0225,k__Bacteria,p__Firmicutes,c__Bacilli,o__Lactobacillales,f__Lactobacillaceae,g__Lactobacillus,s__Lactobacillus kalixensis,
Otu0226,k__Bacteria,p__Firmicutes,c__Bacilli,o__Lactobacillales,f__Lactobacillaceae,g__Lactobacillus,s__Lactobacillus oris,
Otu0227,k__Bacteria,p__Firmicutes,c__Bacilli,o__Lactobacillales,f__Lactobacillaceae,g__Lactobacillus,s__Lactobacillus paracasei,t__Lactobacillus paracasei subsp. tolerans
Otu0228,k__Bacteria,p__Firmicutes,c__Bacilli,o__Lactobacillales,f__Lactobacillaceae,g__Lactobacillus,s__Lactobacillus paracasei,
Otu0229,k__Bacteria,p__Firmicutes,c__Bacilli,o__Lactobacillales,f__Lactobacillaceae,g__Lactobacillus,s__Lactobacillus plantarum,
Otu0230,k__Bacteria,p__Firmicutes,c__Bacilli,o__Lactobacillales,f__Lactobacillaceae,g__Lactobacillus,s__Lactobacillus paraplantarum,
Otu0231,k__Bacteria,p__Firmicutes,c__Bacilli,o__Lactobacillales,f__Lactobacillaceae,g__Lactobacillus,s__Lactobacillus rogosae,
Otu0232,k__Bacteria,p__Firmicutes,c__Bacilli,o__Lactobacillales,f__Lactobacillaceae,g__Lactobacillus,s__Lactobacillus rhamnosus,
Otu0233,k__Bacteria,p__Firmicutes,c__Bacilli,o__Lactobacillales,f__Lactobacillaceae,g__Lactobacillus,s__Lactobacillus vaginalis,
Otu0234,k__Bacteria,p__Firmicutes,c__Bacilli,o__Lactobacillales,f__Lactobacillaceae,g__Lactobacillus,s__Lactobacillus ruminis,
Otu0235,k__Bacteria,p__Firmicutes,c__Bacilli,o__Lactobacillales,f__Lactobacillaceae,g__Lactobacillus,s__Lactobacillus salivarius,
Otu0236,k__Bacteria,p__Firmicutes,c__Bacilli,o__Lactobacillales,f__Lactobacillaceae,g__Lactobacillus,s__Lactobacillus sakei,t__Lactobacillus sakei subsp. sakei
Otu0237,k__Bacteria,p__Firmicutes,c__Bacilli,o__Lactobacillales,f__Lactobacillaceae,g__Pediococcus,s__Pediococcus acidilactici,
Otu0238,k__Bacteria,p__Firmicutes,c__Bacilli,o__Lactobacillales,f__Lactobacillaceae,g__Lactobacillus,s__Lactobacillus zeae,
Otu0239,k__Bacteria,p__Firmicutes,c__Bacilli,o__Lactobacillales,f__Leuconostocaceae,g__Leuconostoc,,
Otu0240,k__Bacteria,p__Firmicutes,c__Bacilli,o__Lactobacillales,f__Leuconostocaceae,g__Leuconostoc,s__Leuconostoc lactis,t__Leuconostoc lactis KCTC 3528 = DSM 20202
Otu0241,k__Bacteria,p__Firmicutes,c__Bacilli,o__Lactobacillales,f__Leuconostocaceae,g__Leuconostoc,s__Leuconostoc gelidum,t__Leuconostoc gelidum subsp. gasicomitatum
Otu0242,k__Bacteria,p__Firmicutes,c__Bacilli,o__Lactobacillales,f__Leuconostocaceae,g__Leuconostoc,s__Leuconostoc gelidum,t__Leuconostoc gelidum subsp. aenigmaticum
Otu0243,k__Bacteria,p__Firmicutes,c__Bacilli,o__Lactobacillales,f__Leuconostocaceae,g__Leuconostoc,s__Leuconostoc carnosum,
Otu0244,k__Bacteria,p__Firmicutes,c__Bacilli,o__Lactobacillales,f__Leuconostocaceae,g__Leuconostoc,s__Leuconostoc mesenteroides,
Otu0245,k__Bacteria,p__Firmicutes,c__Bacilli,o__Lactobacillales,f__Leuconostocaceae,g__Leuconostoc,s__Leuconostoc miyukkimchii,
Otu0246,k__Bacteria,p__Firmicutes,c__Bacilli,o__Lactobacillales,f__Leuconostocaceae,g__Weissella,s__Weissella cibaria,
Otu0247,k__Bacteria,p__Firmicutes,c__Bacilli,o__Lactobacillales,f__Streptococcaceae,g__Lactococcus,,
Otu0248,k__Bacteria,p__Firmicutes,c__Bacilli,o__Lactobacillales,f__Streptococcaceae,g__Lactococcus,s__Lactococcus lactis,
Otu0249,k__Bacteria,p__Firmicutes,c__Bacilli,o__Lactobacillales,f__Streptococcaceae,g__Lactococcus,s__Lactococcus garvieae,
Otu0250,k__Bacteria,p__Firmicutes,c__Bacilli,o__Lactobacillales,f__Streptococcaceae,g__Lactococcus,s__Lactococcus lactis,t__Lactococcus lactis subsp. cremoris
Otu0251,k__Bacteria,p__Firmicutes,c__Bacilli,o__Lactobacillales,f__Streptococcaceae,g__Lactococcus,s__Lactococcus lactis,t__Lactococcus lactis subsp. tructae
Otu0252,k__Bacteria,p__Firmicutes,c__Bacilli,o__Lactobacillales,f__Streptococcaceae,g__Streptococcus,s__Streptococcus salivarius,
Otu0253,k__Bacteria,p__Firmicutes,c__Bacilli,o__Lactobacillales,f__Streptococcaceae,g__Streptococcus,s__Streptococcus parasanguinis,
Otu0254,k__Bacteria,p__Firmicutes,c__Bacilli,o__Lactobacillales,f__Streptococcaceae,g__Streptococcus,s__Streptococcus mitis,
Otu0255,k__Bacteria,p__Firmicutes,c__Bacilli,o__Lactobacillales,f__Streptococcaceae,g__Streptococcus,s__Streptococcus infantis,
Otu0256,k__Bacteria,p__Firmicutes,c__Bacilli,o__Lactobacillales,f__Streptococcaceae,g__Streptococcus,s__Streptococcus anginosus,
Otu0257,k__Bacteria,p__Firmicutes,c__Bacilli,o__Lactobacillales,f__Streptococcaceae,g__Streptococcus,s__Streptococcus gordonii,
Otu0258,k__Bacteria,p__Firmicutes,c__Bacilli,o__Lactobacillales,f__Streptococcaceae,g__Streptococcus,s__Streptococcus australis,
Otu0259,k__Bacteria,p__Firmicutes,c__Bacilli,o__Lactobacillales,f__Streptococcaceae,g__Streptococcus,s__Streptococcus anginosus,t__Streptococcus anginosus subsp. whileyi
Otu0260,k__Bacteria,p__Firmicutes,c__Bacilli,o__Lactobacillales,f__Streptococcaceae,g__Streptococcus,s__Streptococcus anginosus,t__Streptococcus anginosus SK52 = DSM 20563
Otu0261,k__Bacteria,p__Firmicutes,c__Bacilli,o__Lactobacillales,f__Streptococcaceae,g__Streptococcus,s__Streptococcus cristatus,
Otu0262,k__Bacteria,p__Firmicutes,c__Bacilli,o__Lactobacillales,f__Streptococcaceae,g__Streptococcus,s__Streptococcus australis,t__Streptococcus australis ATCC 700641
Otu0263,k__Bacteria,p__Firmicutes,c__Bacilli,o__Lactobacillales,f__Streptococcaceae,g__Streptococcus,s__Streptococcus constellatus,t__Streptococcus constellatus subsp. viborgensis
Otu0264,k__Bacteria,p__Firmicutes,c__Bacilli,o__Lactobacillales,f__Streptococcaceae,g__Streptococcus,s__Streptococcus infantis,t__Streptococcus infantis ATCC 700779
Otu0265,k__Bacteria,p__Firmicutes,c__Bacilli,o__Lactobacillales,f__Streptococcaceae,g__Streptococcus,s__Streptococcus macedonicus,
Otu0266,k__Bacteria,p__Firmicutes,c__Bacilli,o__Lactobacillales,f__Streptococcaceae,g__Streptococcus,s__Streptococcus intermedius,
Otu0267,k__Bacteria,p__Firmicutes,c__Bacilli,o__Lactobacillales,f__Streptococcaceae,g__Streptococcus,s__Streptococcus lactarius,
Otu0268,k__Bacteria,p__Firmicutes,c__Bacilli,o__Lactobacillales,f__Streptococcaceae,g__Streptococcus,s__Streptococcus mutans,
Otu0269,k__Bacteria,p__Firmicutes,c__Bacilli,o__Lactobacillales,f__Streptococcaceae,g__Streptococcus,s__Streptococcus oralis,
Otu0270,k__Bacteria,p__Firmicutes,c__Bacilli,o__Lactobacillales,f__Streptococcaceae,g__Streptococcus,s__Streptococcus oralis,t__Streptococcus oralis subsp. dentisani
Otu0271,k__Bacteria,p__Firmicutes,c__Bacilli,o__Lactobacillales,f__Streptococcaceae,g__Streptococcus,s__Streptococcus oralis,t__Streptococcus oralis ATCC 35037
Otu0272,k__Bacteria,p__Firmicutes,c__Bacilli,o__Lactobacillales,f__Streptococcaceae,g__Streptococcus,s__Streptococcus parasanguinis,t__Streptococcus parasanguinis ATCC 15912
Otu0273,k__Bacteria,p__Firmicutes,c__Bacilli,o__Lactobacillales,f__Streptococcaceae,g__Streptococcus,s__Streptococcus rubneri,
Otu0274,k__Bacteria,p__Firmicutes,c__Bacilli,o__Lactobacillales,f__Streptococcaceae,g__Streptococcus,s__Streptococcus pasteurianus,
Otu0275,k__Bacteria,p__Firmicutes,c__Bacilli,o__Lactobacillales,f__Streptococcaceae,g__Streptococcus,s__Streptococcus peroris,
Otu0276,k__Bacteria,p__Firmicutes,c__Bacilli,o__Lactobacillales,f__Streptococcaceae,g__Streptococcus,s__Streptococcus thermophilus,
Otu0277,k__Bacteria,p__Firmicutes,c__Bacilli,o__Lactobacillales,f__Streptococcaceae,g__Streptococcus,s__Streptococcus sanguinis,t__Streptococcus sanguinis SK1 = NCTC 7863
Otu0278,k__Bacteria,p__Firmicutes,c__Bacilli,o__Lactobacillales,f__Streptococcaceae,g__Streptococcus,s__Streptococcus sanguinis,
Otu0279,k__Bacteria,p__Firmicutes,c__Bacilli,o__Lactobacillales,f__Streptococcaceae,g__Streptococcus,s__Streptococcus sobrinus,
Otu0280,k__Bacteria,p__Firmicutes,c__Bacilli,o__Lactobacillales,f__Streptococcaceae,g__Streptococcus,s__Streptococcus vestibularis,t__Streptococcus vestibularis ATCC 49124
Otu0281,k__Bacteria,p__Firmicutes,c__Bacilli,o__Lactobacillales,f__Streptococcaceae,g__Streptococcus,s__Streptococcus vestibularis,
Otu0282,k__Bacteria,p__Firmicutes,c__Clostridia,o__Clostridiales,f__,g__Intestinimonas,,
Otu0283,k__Bacteria,p__Firmicutes,c__Clostridia,o__Clostridiales,f__,g__Flavonifractor,,
Otu0284,k__Bacteria,p__Firmicutes,c__Clostridia,o__Clostridiales,f__,g__Colidextribacter,,
Otu0285,k__Bacteria,p__Firmicutes,c__Clostridia,o__Clostridiales,f__,g__Colidextribacter,s__Colidextribacter massiliensis,
Otu0286,k__Bacteria,p__Firmicutes,c__Clostridia,o__Clostridiales,f__,g__Fenollaria,s__Fenollaria massiliensis,
Otu0287,k__Bacteria,p__Firmicutes,c__Clostridia,o__Clostridiales,f__,g__Fenollaria,,
Otu0288,k__Bacteria,p__Firmicutes,c__Clostridia,o__Clostridiales,f__,g__Flavonifractor,s__Flavonifractor plautii,
Otu0289,k__Bacteria,p__Firmicutes,c__Clostridia,o__Clostridiales,f__,g__Flintibacter,,
Otu0290,k__Bacteria,p__Firmicutes,c__Clostridia,o__Clostridiales,f__,g__Flintibacter,s__Flintibacter butyricus,
Otu0291,k__Bacteria,p__Firmicutes,c__Clostridia,o__Clostridiales,f__,g__Howardella,,
Otu0292,k__Bacteria,p__Firmicutes,c__Clostridia,o__Clostridiales,f__Clostridiaceae,g__Hungatella,s__Hungatella effluvii,
Otu0293,k__Bacteria,p__Firmicutes,c__Clostridia,o__Clostridiales,f__Clostridiaceae,g__Hungatella,,
Otu0294,k__Bacteria,p__Firmicutes,c__Clostridia,o__Clostridiales,f__Clostridiaceae,g__Clostridium,s__Clostridium saudiense,
Otu0295,k__Bacteria,p__Firmicutes,c__Clostridia,o__Clostridiales,f__Clostridiaceae,g__Clostridium,s__Clostridium butyricum,
Otu0296,k__Bacteria,p__Firmicutes,c__Clostridia,o__Clostridiales,f__Clostridiaceae,g__Clostridium,,
Otu0297,k__Bacteria,p__Firmicutes,c__Clostridia,o__Clostridiales,f__Catabacteriaceae,g__Catabacter,s__Catabacter hongkongensis,
Otu0298,k__Bacteria,p__Firmicutes,c__Clostridia,o__Clostridiales,f__,g__Pseudoflavonifractor,,
Otu0299,k__Bacteria,p__Firmicutes,c__Clostridia,o__Clostridiales,f__,g__Intestinimonas,s__Intestinimonas butyriciproducens,
Otu0300,k__Bacteria,p__Firmicutes,c__Clostridia,o__Clostridiales,f__,g__Natranaerovirga,,
Otu0301,k__Bacteria,p__Firmicutes,c__Clostridia,o__Clostridiales,f__,g__Pseudoflavonifractor,s__Pseudoflavonifractor capillosus,t__Pseudoflavonifractor capillosus ATCC 29799
Otu0302,k__Bacteria,p__Firmicutes,c__Clostridia,o__Clostridiales,f__,g__Pseudoflavonifractor,s__Pseudoflavonifractor capillosus,
Otu0303,k__Bacteria,p__Firmicutes,c__Clostridia,o__Clostridiales,f__,g__Pseudoflavonifractor,s__Pseudoflavonifractor phocaeensis,
Otu0304,k__Bacteria,p__Firmicutes,c__Clostridia,o__Clostridiales,f__Catabacteriaceae,g__Catabacter,,
Otu0305,k__Bacteria,p__Firmicutes,c__Clostridia,o__Clostridiales,f__Clostridiaceae,g__Butyricicoccus,,
Otu0306,k__Bacteria,p__Firmicutes,c__Clostridia,o__Clostridiales,f__Christensenellaceae,g__Christensenella,,
Otu0307,k__Bacteria,p__Firmicutes,c__Clostridia,o__Clostridiales,f__Christensenellaceae,g__Christensenella,s__Christensenella timonensis,
Otu0308,k__Bacteria,p__Firmicutes,c__Clostridia,o__Clostridiales,f__Christensenellaceae,g__Christensenella,s__Christensenella minuta,
Otu0309,k__Bacteria,p__Firmicutes,c__Clostridia,o__Clostridiales,f__Christensenellaceae,g__Christensenella,s__Christensenella massiliensis,
Otu0310,k__Bacteria,p__Firmicutes,c__Clostridia,o__Clostridiales,f__Clostridiaceae,g__Butyricicoccus,s__Butyricicoccus desmolans,
Otu0311,k__Bacteria,p__Firmicutes,c__Clostridia,o__Clostridiales,f__Clostridiaceae,g__Butyricicoccus,s__Butyricicoccus pullicaecorum,
Otu0312,k__Bacteria,p__Firmicutes,c__Clostridia,o__Clostridiales,f__Clostridiaceae,g__Clostridium,s__Clostridium disporicum,
Otu0313,k__Bacteria,p__Firmicutes,c__Clostridia,o__Clostridiales,f__Clostridiaceae,g__Clostridium,s__Clostridium carnis,
Otu0314,k__Bacteria,p__Firmicutes,c__Clostridia,o__Clostridiales,f__Clostridiaceae,g__Clostridium,s__Clostridium paraputrificum,
Otu0315,k__Bacteria,p__Firmicutes,c__Clostridia,o__Clostridiales,f__Clostridiaceae,g__Clostridium,s__Clostridium maximum,
Otu0316,k__Bacteria,p__Firmicutes,c__Clostridia,o__Clostridiales,f__Clostridiaceae,g__Clostridium,s__Clostridium jeddahense,
Otu0317,k__Bacteria,p__Firmicutes,c__Clostridia,o__Clostridiales,f__Clostridiaceae,g__Clostridium,s__Clostridium perfringens,t__Clostridium perfringens ATCC 13124
Otu0318,k__Bacteria,p__Firmicutes,c__Clostridia,o__Clostridiales,f__Clostridiaceae,g__Clostridium,s__Clostridium perfringens,
Otu0319,k__Bacteria,p__Firmicutes,c__Clostridia,o__Clostridiales,f__Clostridiaceae,g__Clostridium,s__Clostridium saccharobutylicum,
Otu0320,k__Bacteria,p__Firmicutes,c__Clostridia,o__Clostridiales,f__Clostridiaceae,g__Clostridium,s__Clostridium sartagoforme,
Otu0321,k__Bacteria,p__Firmicutes,c__Clostridia,o__Clostridiales,f__Clostridiaceae,g__Clostridium,s__Clostridium tertium,
Otu0322,k__Bacteria,p__Firmicutes,c__Clostridia,o__Clostridiales,f__Clostridiaceae,g__Clostridium,s__Clostridium tarantellae,
Otu0323,k__Bacteria,p__Firmicutes,c__Clostridia,o__Clostridiales,f__Clostridiaceae,g__Mordavella,s__Mordavella massiliensis,
Otu0324,k__Bacteria,p__Firmicutes,c__Clostridia,o__Clostridiales,f__Clostridiaceae,g__Mordavella,,
Otu0325,k__Bacteria,p__Firmicutes,c__Clostridia,o__Clostridiales,f__Clostridiaceae,g__Lactonifactor,s__Lactonifactor longoviformis,
Otu0326,k__Bacteria,p__Firmicutes,c__Clostridia,o__Clostridiales,f__Clostridiaceae,g__Lactonifactor,,
Otu0327,k__Bacteria,p__Firmicutes,c__Clostridia,o__Clostridiales,f__Eubacteriaceae,g__Anaerofustis,,
Otu0328,k__Bacteria,p__Firmicutes,c__Clostridia,o__Clostridiales,f__Clostridiales Family XIII. Incertae Sedis,g__Emergencia,,
Otu0329,k__Bacteria,p__Firmicutes,c__Clostridia,o__Clostridiales,f__Clostridiales Family XIII. Incertae Sedis,g__Anaerovorax,,
Otu0330,k__Bacteria,p__Firmicutes,c__Clostridia,o__Clostridiales,f__Clostridiales Family XIII. Incertae Sedis,g__,s__[Eubacterium] sulci,t__Eubacterium sulci ATCC 35585
Otu0331,k__Bacteria,p__Firmicutes,c__Clostridia,o__Clostridiales,f__Clostridiales Family XIII. Incertae Sedis,g__Mogibacterium,,
Otu0332,k__Bacteria,p__Firmicutes,c__Clostridia,o__Clostridiales,f__Clostridiales Family XIII. Incertae Sedis,g__Ihubacter,,
Otu0333,k__Bacteria,p__Firmicutes,c__Clostridia,o__Clostridiales,f__Clostridiales Family XIII. Incertae Sedis,g__Emergencia,s__Emergencia timonensis,
Otu0334,k__Bacteria,p__Firmicutes,c__Clostridia,o__Clostridiales,f__Clostridiales Family XIII. Incertae Sedis,g__Ihubacter,s__Ihubacter massiliensis,
Otu0335,k__Bacteria,p__Firmicutes,c__Clostridia,o__Clostridiales,f__Clostridiales Family XIII. Incertae Sedis,g__Ileibacterium,,
Otu0336,k__Bacteria,p__Firmicutes,c__Clostridia,o__Clostridiales,f__Defluviitaleaceae,g__Vallitalea,,
Otu0337,k__Bacteria,p__Firmicutes,c__Clostridia,o__Clostridiales,f__Eubacteriaceae,g__Anaerofustis,s__Anaerofustis stercorihominis,
Otu0338,k__Bacteria,p__Firmicutes,c__Clostridia,o__Clostridiales,f__Oscillospiraceae,g__Oscillibacter,,
Otu0339,k__Bacteria,p__Firmicutes,c__Clostridia,o__Clostridiales,f__Lachnospiraceae,g__Blautia,,
Otu0340,k__Bacteria,p__Firmicutes,c__Clostridia,o__Clostridiales,f__Lachnospiraceae,g__,s__[Eubacterium] rectale,t__[Eubacterium rectale] ATCC 33656
Otu0341,k__Bacteria,p__Firmicutes,c__Clostridia,o__Clostridiales,f__Lachnospiraceae,,,
Otu0342,k__Bacteria,p__Firmicutes,c__Clostridia,o__Clostridiales,f__Eubacteriaceae,g__Eubacterium,s__[Eubacterium] hallii,
Otu0343,k__Bacteria,p__Firmicutes,c__Clostridia,o__Clostridiales,f__Eubacteriaceae,g__Eubacterium,s__Eubacterium oxidoreducens,
Otu0344,k__Bacteria,p__Firmicutes,c__Clostridia,o__Clostridiales,f__Eubacteriaceae,g__Eubacterium,s__Eubacterium coprostanoligenes,
Otu0345,k__Bacteria,p__Firmicutes,c__Clostridia,o__Clostridiales,f__Eubacteriaceae,g__Eubacterium,s__[Eubacterium] eligens,
Otu0346,k__Bacteria,p__Firmicutes,c__Clostridia,o__Clostridiales,f__Eubacteriaceae,g__Eubacterium,s__Eubacterium ramulus,t__Eubacterium ramulus ATCC 29099
Otu0347,k__Bacteria,p__Firmicutes,c__Clostridia,o__Clostridiales,f__Eubacteriaceae,g__Eubacterium,s__Eubacterium ramulus,
Otu0348,k__Bacteria,p__Firmicutes,c__Clostridia,o__Clostridiales,f__Eubacteriaceae,g__Eubacterium,s__Eubacterium ventriosum,
Otu0349,k__Bacteria,p__Firmicutes,c__Clostridia,o__Clostridiales,f__Eubacteriaceae,g__Eubacterium,s__Eubacterium ruminantium,
Otu0350,k__Bacteria,p__Firmicutes,c__Clostridia,o__Clostridiales,f__Eubacteriaceae,g__Eubacterium,s__[Eubacterium] eligens,t__[Eubacterium] eligens ATCC 27750
Otu0351,k__Bacteria,p__Firmicutes,c__Clostridia,o__Clostridiales,f__Lachnospiraceae,g__,s__[Eubacterium] rectale,
Otu0352,k__Bacteria,p__Firmicutes,c__Clostridia,o__Clostridiales,f__Lachnospiraceae,g__Anaerostipes,s__Anaerostipes hadrus,
Otu0353,k__Bacteria,p__Firmicutes,c__Clostridia,o__Clostridiales,f__Lachnospiraceae,g__Anaerostipes,,
Otu0354,k__Bacteria,p__Firmicutes,c__Clostridia,o__Clostridiales,f__Lachnospiraceae,g__Anaerocolumna,s__Anaerocolumna aminovalerica,
Otu0355,k__Bacteria,p__Firmicutes,c__Clostridia,o__Clostridiales,f__Lachnospiraceae,g__Anaerocolumna,,
Otu0356,k__Bacteria,p__Firmicutes,c__Clostridia,o__Clostridiales,f__Lachnospiraceae,g__Acetatifactor,,
Otu0357,k__Bacteria,p__Firmicutes,c__Clostridia,o__Clostridiales,f__Lachnospiraceae,g__Anaerobium,,
Otu0358,k__Bacteria,p__Firmicutes,c__Clostridia,o__Clostridiales,f__Lachnospiraceae,g__Anaerostipes,s__Anaerostipes caccae,
Otu0359,k__Bacteria,p__Firmicutes,c__Clostridia,o__Clostridiales,f__Lachnospiraceae,g__Anaerostipes,s__Anaerostipes butyraticus,
Otu0360,k__Bacteria,p__Firmicutes,c__Clostridia,o__Clostridiales,f__Lachnospiraceae,g__Bariatricus,,
Otu0361,k__Bacteria,p__Firmicutes,c__Clostridia,o__Clostridiales,f__Lachnospiraceae,g__Bariatricus,s__Bariatricus massiliensis,
Otu0362,k__Bacteria,p__Firmicutes,c__Clostridia,o__Clostridiales,f__Lachnospiraceae,g__Coprococcus,,
Otu0363,k__Bacteria,p__Firmicutes,c__Clostridia,o__Clostridiales,f__Lachnospiraceae,g__Blautia,s__[Ruminococcus] gnavus,
Otu0364,k__Bacteria,p__Firmicutes,c__Clostridia,o__Clostridiales,f__Lachnospiraceae,g__Blautia,s__Blautia wexlerae,
Otu0365,k__Bacteria,p__Firmicutes,c__Clostridia,o__Clostridiales,f__Lachnospiraceae,g__Blautia,s__Blautia caecimuris,
Otu0366,k__Bacteria,p__Firmicutes,c__Clostridia,o__Clostridiales,f__Lachnospiraceae,g__Blautia,s__Blautia obeum,
Otu0367,k__Bacteria,p__Firmicutes,c__Clostridia,o__Clostridiales,f__Lachnospiraceae,g__Blautia,s__Blautia faecis,
Otu0368,k__Bacteria,p__Firmicutes,c__Clostridia,o__Clostridiales,f__Lachnospiraceae,g__Blautia,s__Blautia luti,t__Blautia luti DSM 14534
Otu0369,k__Bacteria,p__Firmicutes,c__Clostridia,o__Clostridiales,f__Lachnospiraceae,g__Blautia,s__Blautia luti,
Otu0370,k__Bacteria,p__Firmicutes,c__Clostridia,o__Clostridiales,f__Lachnospiraceae,g__Blautia,s__Blautia hansenii,
Otu0371,k__Bacteria,p__Firmicutes,c__Clostridia,o__Clostridiales,f__Lachnospiraceae,g__Blautia,s__Blautia glucerasea,
Otu0372,k__Bacteria,p__Firmicutes,c__Clostridia,o__Clostridiales,f__Lachnospiraceae,g__Blautia,s__Blautia hansenii,t__Blautia hansenii DSM 20583
Otu0373,k__Bacteria,p__Firmicutes,c__Clostridia,o__Clostridiales,f__Lachnospiraceae,g__Blautia,s__Blautia hydrogenotrophica,
Otu0374,k__Bacteria,p__Firmicutes,c__Clostridia,o__Clostridiales,f__Lachnospiraceae,g__Blautia,s__Blautia marasmi,
Otu0375,k__Bacteria,p__Firmicutes,c__Clostridia,o__Clostridiales,f__Lachnospiraceae,g__Blautia,s__Blautia stercoris,
Otu0376,k__Bacteria,p__Firmicutes,c__Clostridia,o__Clostridiales,f__Lachnospiraceae,g__Blautia,s__Blautia obeum,t__Blautia obeum ATCC 29174
Otu0377,k__Bacteria,p__Firmicutes,c__Clostridia,o__Clostridiales,f__Lachnospiraceae,g__Blautia,s__Blautia producta,
Otu0378,k__Bacteria,p__Firmicutes,c__Clostridia,o__Clostridiales,f__Lachnospiraceae,g__Blautia,s__Blautia wexlerae,t__Blautia wexlerae DSM 19850
Otu0379,k__Bacteria,p__Firmicutes,c__Clostridia,o__Clostridiales,f__Lachnospiraceae,g__Blautia,s__[Ruminococcus] torques,
Otu0380,k__Bacteria,p__Firmicutes,c__Clostridia,o__Clostridiales,f__Lachnospiraceae,g__Blautia,s__[Ruminococcus] gnavus,t__Ruminococcus gnavus ATCC 29149
Otu0381,k__Bacteria,p__Firmicutes,c__Clostridia,o__Clostridiales,f__Lachnospiraceae,g__Butyrivibrio,s__Butyrivibrio crossotus,
Otu0382,k__Bacteria,p__Firmicutes,c__Clostridia,o__Clostridiales,f__Lachnospiraceae,g__Butyrivibrio,,
Otu0383,k__Bacteria,p__Firmicutes,c__Clostridia,o__Clostridiales,f__Lachnospiraceae,g__Cellulosilyticum,,
Otu0384,k__Bacteria,p__Firmicutes,c__Clostridia,o__Clostridiales,f__Lachnospiraceae,g__Dorea,,
Otu0385,k__Bacteria,p__Firmicutes,c__Clostridia,o__Clostridiales,f__Lachnospiraceae,g__Coprococcus,s__Coprococcus comes,
Otu0386,k__Bacteria,p__Firmicutes,c__Clostridia,o__Clostridiales,f__Lachnospiraceae,g__Coprococcus,s__Coprococcus catus,
Otu0387,k__Bacteria,p__Firmicutes,c__Clostridia,o__Clostridiales,f__Lachnospiraceae,g__Coprococcus,s__Coprococcus eutactus,
Otu0388,k__Bacteria,p__Firmicutes,c__Clostridia,o__Clostridiales,f__Lachnospiraceae,g__Coprococcus,s__Coprococcus comes,t__Coprococcus comes ATCC 27758
Otu0389,k__Bacteria,p__Firmicutes,c__Clostridia,o__Clostridiales,f__Lachnospiraceae,g__Cuneatibacter,,
Otu0390,k__Bacteria,p__Firmicutes,c__Clostridia,o__Clostridiales,f__Lachnospiraceae,g__Cuneatibacter,s__Cuneatibacter caecimuris,
Otu0391,k__Bacteria,p__Firmicutes,c__Clostridia,o__Clostridiales,f__Lachnospiraceae,g__Lachnoclostridium,s__[Clostridium] clostridioforme,
Otu0392,k__Bacteria,p__Firmicutes,c__Clostridia,o__Clostridiales,f__Lachnospiraceae,g__Fusicatenibacter,,
Otu0393,k__Bacteria,p__Firmicutes,c__Clostridia,o__Clostridiales,f__Lachnospiraceae,g__Faecalicatena,,
Otu0394,k__Bacteria,p__Firmicutes,c__Clostridia,o__Clostridiales,f__Lachnospiraceae,g__Eisenbergiella,,
Otu0395,k__Bacteria,p__Firmicutes,c__Clostridia,o__Clostridiales,f__Lachnospiraceae,g__Dorea,s__Dorea longicatena,
Otu0396,k__Bacteria,p__Firmicutes,c__Clostridia,o__Clostridiales,f__Lachnospiraceae,g__Dorea,s__Dorea formicigenerans,
Otu0397,k__Bacteria,p__Firmicutes,c__Clostridia,o__Clostridiales,f__Lachnospiraceae,g__Eisenbergiella,s__Eisenbergiella massiliensis,
Otu0398,k__Bacteria,p__Firmicutes,c__Clostridia,o__Clostridiales,f__Lachnospiraceae,g__Eisenbergiella,s__Eisenbergiella tayi,
Otu0399,k__Bacteria,p__Firmicutes,c__Clostridia,o__Clostridiales,f__Lachnospiraceae,g__Extibacter,,
Otu0400,k__Bacteria,p__Firmicutes,c__Clostridia,o__Clostridiales,f__Lachnospiraceae,g__Frisingicoccus,,
Otu0401,k__Bacteria,p__Firmicutes,c__Clostridia,o__Clostridiales,f__Lachnospiraceae,g__Faecalicatena,s__Faecalicatena orotica,
Otu0402,k__Bacteria,p__Firmicutes,c__Clostridia,o__Clostridiales,f__Lachnospiraceae,g__Faecalicatena,s__Faecalicatena fissicatena,
Otu0403,k__Bacteria,p__Firmicutes,c__Clostridia,o__Clostridiales,f__Lachnospiraceae,g__Frisingicoccus,s__Frisingicoccus caecimuris,
Otu0404,k__Bacteria,p__Firmicutes,c__Clostridia,o__Clostridiales,f__Lachnospiraceae,g__Lachnoclostridium,,
Otu0405,k__Bacteria,p__Firmicutes,c__Clostridia,o__Clostridiales,f__Lachnospiraceae,g__Fusicatenibacter,s__Fusicatenibacter saccharivorans,
Otu0406,k__Bacteria,p__Firmicutes,c__Clostridia,o__Clostridiales,f__Lachnospiraceae,g__Lachnobacterium,,
Otu0407,k__Bacteria,p__Firmicutes,c__Clostridia,o__Clostridiales,f__Lachnospiraceae,g__Hespellia,,
Otu0408,k__Bacteria,p__Firmicutes,c__Clostridia,o__Clostridiales,f__Lachnospiraceae,g__Hespellia,s__Hespellia stercorisuis,
Otu0409,k__Bacteria,p__Firmicutes,c__Clostridia,o__Clostridiales,f__Lachnospiraceae,g__Lachnobacterium,s__Lachnobacterium bovis,
Otu0410,k__Bacteria,p__Firmicutes,c__Clostridia,o__Clostridiales,f__Lachnospiraceae,g__Lachnoclostridium,s__[Clostridium] bolteae,
Otu0411,k__Bacteria,p__Firmicutes,c__Clostridia,o__Clostridiales,f__Lachnospiraceae,g__Lachnoclostridium,s__[Clostridium] asparagiforme,
Otu0412,k__Bacteria,p__Firmicutes,c__Clostridia,o__Clostridiales,f__Lachnospiraceae,g__Lachnoclostridium,s__[Clostridium] amygdalinum,
Otu0413,k__Bacteria,p__Firmicutes,c__Clostridia,o__Clostridiales,f__Lachnospiraceae,g__Lachnoclostridium,s__[Clostridium] citroniae,
Otu0414,k__Bacteria,p__Firmicutes,c__Clostridia,o__Clostridiales,f__Lachnospiraceae,g__Roseburia,,
Otu0415,k__Bacteria,p__Firmicutes,c__Clostridia,o__Clostridiales,f__Lachnospiraceae,g__Robinsoniella,,
Otu0416,k__Bacteria,p__Firmicutes,c__Clostridia,o__Clostridiales,f__Lachnospiraceae,g__Lachnospira,,
Otu0417,k__Bacteria,p__Firmicutes,c__Clostridia,o__Clostridiales,f__Lachnospiraceae,g__Lachnoclostridium,s__[Clostridium] scindens,
Otu0418,k__Bacteria,p__Firmicutes,c__Clostridia,o__Clostridiales,f__Lachnospiraceae,g__Lachnoclostridium,s__[Clostridium] lavalense,
Otu0419,k__Bacteria,p__Firmicutes,c__Clostridia,o__Clostridiales,f__Lachnospiraceae,g__Lachnoclostridium,s__[Clostridium] glycyrrhizinilyticum,
Otu0420,k__Bacteria,p__Firmicutes,c__Clostridia,o__Clostridiales,f__Lachnospiraceae,g__Lachnoclostridium,s__[Clostridium] hylemonae,
Otu0421,k__Bacteria,p__Firmicutes,c__Clostridia,o__Clostridiales,f__Lachnospiraceae,g__Lachnoclostridium,s__[Clostridium] saccharolyticum,
Otu0422,k__Bacteria,p__Firmicutes,c__Clostridia,o__Clostridiales,f__Lachnospiraceae,g__Lachnoclostridium,s__[Clostridium] symbiosum,
Otu0423,k__Bacteria,p__Firmicutes,c__Clostridia,o__Clostridiales,f__Lachnospiraceae,g__Lachnoclostridium,s__[Clostridium] xylanolyticum,
Otu0424,k__Bacteria,p__Firmicutes,c__Clostridia,o__Clostridiales,f__Lachnospiraceae,g__Lachnospira,s__Lachnospira pectinoschiza,
Otu0425,k__Bacteria,p__Firmicutes,c__Clostridia,o__Clostridiales,f__Lachnospiraceae,g__Lachnospira,s__Lachnospira multipara,
Otu0426,k__Bacteria,p__Firmicutes,c__Clostridia,o__Clostridiales,f__Lachnospiraceae,g__Lachnospira,s__Lachnospira multipara,t__Lachnospira multipara ATCC 19207
Otu0427,k__Bacteria,p__Firmicutes,c__Clostridia,o__Clostridiales,f__Lachnospiraceae,g__Murimonas,,
Otu0428,k__Bacteria,p__Firmicutes,c__Clostridia,o__Clostridiales,f__Lachnospiraceae,g__Marvinbryantia,,
Otu0429,k__Bacteria,p__Firmicutes,c__Clostridia,o__Clostridiales,f__Lachnospiraceae,g__Oribacterium,s__Oribacterium parvum,t__Oribacterium parvum ACB1
Otu0430,k__Bacteria,p__Firmicutes,c__Clostridia,o__Clostridiales,f__Lachnospiraceae,g__Murimonas,s__Murimonas intestini,
Otu0431,k__Bacteria,p__Firmicutes,c__Clostridia,o__Clostridiales,f__Lachnospiraceae,g__Pseudobutyrivibrio,,
Otu0432,k__Bacteria,p__Firmicutes,c__Clostridia,o__Clostridiales,f__Lachnospiraceae,g__Parasporobacterium,,
Otu0433,k__Bacteria,p__Firmicutes,c__Clostridia,o__Clostridiales,f__Lachnospiraceae,g__Robinsoniella,s__Robinsoniella peoriensis,
Otu0434,k__Bacteria,p__Firmicutes,c__Clostridia,o__Clostridiales,f__Lachnospiraceae,g__Roseburia,s__Roseburia intestinalis,
Otu0435,k__Bacteria,p__Firmicutes,c__Clostridia,o__Clostridiales,f__Lachnospiraceae,g__Roseburia,s__Roseburia faecis,
Otu0436,k__Bacteria,p__Firmicutes,c__Clostridia,o__Clostridiales,f__Lachnospiraceae,g__Roseburia,s__Roseburia hominis,
Otu0437,k__Bacteria,p__Firmicutes,c__Clostridia,o__Clostridiales,f__Lachnospiraceae,g__Roseburia,s__Roseburia hominis,t__Roseburia hominis A2-183
Otu0438,k__Bacteria,p__Firmicutes,c__Clostridia,o__Clostridiales,f__Lachnospiraceae,g__Roseburia,s__Roseburia inulinivorans,t__Roseburia inulinivorans DSM 16841
Otu0439,k__Bacteria,p__Firmicutes,c__Clostridia,o__Clostridiales,f__Lachnospiraceae,g__Roseburia,s__Roseburia intestinalis,t__Roseburia intestinalis L1-82
Otu0440,k__Bacteria,p__Firmicutes,c__Clostridia,o__Clostridiales,f__Lachnospiraceae,g__Roseburia,s__Roseburia inulinivorans,
Otu0441,k__Bacteria,p__Firmicutes,c__Clostridia,o__Clostridiales,f__Lachnospiraceae,g__Tyzzerella,,
Otu0442,k__Bacteria,p__Firmicutes,c__Clostridia,o__Clostridiales,f__Lachnospiraceae,g__Stomatobaculum,,
Otu0443,k__Bacteria,p__Firmicutes,c__Clostridia,o__Clostridiales,f__Lachnospiraceae,g__Syntrophococcus,,
Otu0444,k__Bacteria,p__Firmicutes,c__Clostridia,o__Clostridiales,f__Lachnospiraceae,g__Tyzzerella,s__Tyzzerella nexilis,
Otu0445,k__Bacteria,p__Firmicutes,c__Clostridia,o__Clostridiales,f__Lachnospiraceae,g__Tyzzerella,s__[Clostridium] lactatifermentans,
Otu0446,k__Bacteria,p__Firmicutes,c__Clostridia,o__Clostridiales,f__Lachnospiraceae,g__Tyzzerella,s__Tyzzerella nexilis,t__Tyzzerella nexilis DSM 1787
Otu0447,k__Bacteria,p__Firmicutes,c__Clostridia,o__Clostridiales,f__Ruminococcaceae,g__Neglecta,,
Otu0448,k__Bacteria,p__Firmicutes,c__Clostridia,o__Clostridiales,f__Peptostreptococcaceae,g__Intestinibacter,,
Otu0449,k__Bacteria,p__Firmicutes,c__Clostridia,o__Clostridiales,f__Peptostreptococcaceae,,,
Otu0450,k__Bacteria,p__Firmicutes,c__Clostridia,o__Clostridiales,f__Oscillospiraceae,g__Oscillibacter,s__Oscillibacter ruminantium,
Otu0451,k__Bacteria,p__Firmicutes,c__Clostridia,o__Clostridiales,f__Oscillospiraceae,g__Oscillibacter,s__Oscillibacter ruminantium,t__Oscillibacter ruminantium GH1
Otu0452,k__Bacteria,p__Firmicutes,c__Clostridia,o__Clostridiales,f__Oscillospiraceae,g__Oscillibacter,s__Oscillibacter valericigenes,
Otu0453,k__Bacteria,p__Firmicutes,c__Clostridia,o__Clostridiales,f__Peptococcaceae,g__Peptococcus,,
Otu0454,k__Bacteria,p__Firmicutes,c__Clostridia,o__Clostridiales,f__Peptococcaceae,g__Peptococcus,s__Peptococcus niger,
Otu0455,k__Bacteria,p__Firmicutes,c__Clostridia,o__Clostridiales,f__Peptostreptococcaceae,g__Clostridioides,s__Clostridioides difficile,t__Clostridioides difficile ATCC 9689 = DSM 1296
Otu0456,k__Bacteria,p__Firmicutes,c__Clostridia,o__Clostridiales,f__Peptostreptococcaceae,g__Romboutsia,,
Otu0457,k__Bacteria,p__Firmicutes,c__Clostridia,o__Clostridiales,f__Peptostreptococcaceae,g__Paeniclostridium,,
Otu0458,k__Bacteria,p__Firmicutes,c__Clostridia,o__Clostridiales,f__Peptostreptococcaceae,g__Intestinibacter,s__Intestinibacter bartlettii,
Otu0459,k__Bacteria,p__Firmicutes,c__Clostridia,o__Clostridiales,f__Peptostreptococcaceae,g__Paeniclostridium,s__[Eubacterium] tenue,
Otu0460,k__Bacteria,p__Firmicutes,c__Clostridia,o__Clostridiales,f__Peptostreptococcaceae,g__Paeniclostridium,s__Paeniclostridium sordellii,
Otu0461,k__Bacteria,p__Firmicutes,c__Clostridia,o__Clostridiales,f__Peptostreptococcaceae,g__Paraclostridium,,
Otu0462,k__Bacteria,p__Firmicutes,c__Clostridia,o__Clostridiales,f__Peptostreptococcaceae,g__Peptostreptococcus,s__Peptostreptococcus anaerobius,
Otu0463,k__Bacteria,p__Firmicutes,c__Clostridia,o__Clostridiales,f__Peptostreptococcaceae,g__Peptostreptococcus,s__Peptostreptococcus stomatis,
Otu0464,k__Bacteria,p__Firmicutes,c__Clostridia,o__Clostridiales,f__Ruminococcaceae,g__Faecalibacterium,s__Faecalibacterium prausnitzii,
Otu0465,k__Bacteria,p__Firmicutes,c__Clostridia,o__Clostridiales,f__Ruminococcaceae,g__Faecalibacterium,,
Otu0466,k__Bacteria,p__Firmicutes,c__Clostridia,o__Clostridiales,f__Peptostreptococcaceae,g__Romboutsia,s__Romboutsia timonensis,
Otu0467,k__Bacteria,p__Firmicutes,c__Clostridia,o__Clostridiales,f__Peptostreptococcaceae,g__Romboutsia,s__Romboutsia lituseburensis,
Otu0468,k__Bacteria,p__Firmicutes,c__Clostridia,o__Clostridiales,f__Peptostreptococcaceae,g__Romboutsia,s__Romboutsia lituseburensis,t__Romboutsia lituseburensis DSM 797
Otu0469,k__Bacteria,p__Firmicutes,c__Clostridia,o__Clostridiales,f__Peptostreptococcaceae,g__Romboutsia,s__Romboutsia sedimentorum,
Otu0470,k__Bacteria,p__Firmicutes,c__Clostridia,o__Clostridiales,f__Ruminococcaceae,g__Drancourtella,,
Otu0471,k__Bacteria,p__Firmicutes,c__Clostridia,o__Clostridiales,f__Ruminococcaceae,g__Anaerofilum,,
Otu0472,k__Bacteria,p__Firmicutes,c__Clostridia,o__Clostridiales,f__Peptostreptococcaceae,g__Terrisporobacter,,
Otu0473,k__Bacteria,p__Firmicutes,c__Clostridia,o__Clostridiales,f__Peptostreptococcaceae,g__Romboutsia,s__[Clostridium] dakarense,
Otu0474,k__Bacteria,p__Firmicutes,c__Clostridia,o__Clostridiales,f__Peptostreptococcaceae,g__Terrisporobacter,s__Terrisporobacter mayombei,
Otu0475,k__Bacteria,p__Firmicutes,c__Clostridia,o__Clostridiales,f__Peptostreptococcaceae,g__Terrisporobacter,s__Terrisporobacter glycolicus,
Otu0476,k__Bacteria,p__Firmicutes,c__Clostridia,o__Clostridiales,f__Ruminococcaceae,,,
Otu0477,k__Bacteria,p__Firmicutes,c__Clostridia,o__Clostridiales,f__Peptostreptococcaceae,g__Terrisporobacter,s__Terrisporobacter petrolearius,
Otu0478,k__Bacteria,p__Firmicutes,c__Clostridia,o__Clostridiales,f__Ruminococcaceae,g__Acutalibacter,,
Otu0479,k__Bacteria,p__Firmicutes,c__Clostridia,o__Clostridiales,f__Ruminococcaceae,g__Anaeromassilibacillus,,
Otu0480,k__Bacteria,p__Firmicutes,c__Clostridia,o__Clostridiales,f__Ruminococcaceae,g__Anaerotruncus,s__Anaerotruncus colihominis,
Otu0481,k__Bacteria,p__Firmicutes,c__Clostridia,o__Clostridiales,f__Ruminococcaceae,g__Anaerotruncus,,
Otu0482,k__Bacteria,p__Firmicutes,c__Clostridia,o__Clostridiales,f__Ruminococcaceae,g__Anaeromassilibacillus,s__Anaeromassilibacillus senegalensis,
Otu0483,k__Bacteria,p__Firmicutes,c__Clostridia,o__Clostridiales,f__Ruminococcaceae,g__Anaerotruncus,s__Anaerotruncus rubiinfantis,
Otu0484,k__Bacteria,p__Firmicutes,c__Clostridia,o__Clostridiales,f__Ruminococcaceae,g__Caproiciproducens,,
Otu0485,k__Bacteria,p__Firmicutes,c__Clostridia,o__Clostridiales,f__Ruminococcaceae,g__Drancourtella,s__Drancourtella massiliensis,
Otu0486,k__Bacteria,p__Firmicutes,c__Clostridia,o__Clostridiales,f__Ruminococcaceae,g__Ethanoligenens,,
Otu0487,k__Bacteria,p__Firmicutes,c__Clostridia,o__Clostridiales,f__Ruminococcaceae,g__Negativibacillus,,
Otu0488,k__Bacteria,p__Firmicutes,c__Clostridia,o__Clostridiales,f__Ruminococcaceae,g__Hydrogenoanaerobacterium,,
Otu0489,k__Bacteria,p__Firmicutes,c__Clostridia,o__Clostridiales,f__Ruminococcaceae,g__Negativibacillus,s__Negativibacillus massiliensis,
Otu0490,k__Bacteria,p__Firmicutes,c__Clostridia,o__Clostridiales,f__Ruminococcaceae,g__Ruminiclostridium,s__[Eubacterium] siraeum,
Otu0491,k__Bacteria,p__Firmicutes,c__Clostridia,o__Clostridiales,f__Ruminococcaceae,g__Phocea,,
Otu0492,k__Bacteria,p__Firmicutes,c__Clostridia,o__Clostridiales,f__Ruminococcaceae,g__Neglecta,s__Neglecta timonensis,
Otu0493,k__Bacteria,p__Firmicutes,c__Clostridia,o__Clostridiales,f__Ruminococcaceae,g__Papillibacter,,
Otu0494,k__Bacteria,p__Firmicutes,c__Clostridia,o__Clostridiales,f__Ruminococcaceae,g__Ruminiclostridium,,
Otu0495,k__Bacteria,p__Firmicutes,c__Clostridia,o__Clostridiales,f__Ruminococcaceae,g__Phocea,s__Phocea massiliensis,
Otu0496,k__Bacteria,p__Firmicutes,c__Clostridia,o__Clostridiales,f__Ruminococcaceae,g__Ruminiclostridium,s__[Clostridium] leptum,
Otu0497,k__Bacteria,p__Firmicutes,c__Clostridia,o__Clostridiales,f__Ruminococcaceae,g__Ruminiclostridium,s__[Clostridium] methylpentosum,
Otu0498,k__Bacteria,p__Firmicutes,c__Clostridia,o__Clostridiales,f__Ruminococcaceae,g__Ruminococcus,s__Ruminococcus bromii,
Otu0499,k__Bacteria,p__Proteobacteria,c__Betaproteobacteria,o__Burkholderiales,f__Sutterellaceae,g__Parasutterella,s__Parasutterella excrementihominis,
Otu0500,k__Bacteria,p__Fusobacteria,c__Fusobacteriia,o__Fusobacteriales,f__Fusobacteriaceae,g__Fusobacterium,s__Fusobacterium gonidiaformans,
Otu0501,k__Bacteria,p__Fusobacteria,,,,,,
Otu0502,k__Bacteria,p__Firmicutes,c__Clostridia,o__Clostridiales,f__Ruminococcaceae,g__Ruminococcus,s__Ruminococcus callidus,
Otu0503,k__Bacteria,p__Firmicutes,c__Negativicutes,o__Veillonellales,f__Veillonellaceae,g__Megasphaera,s__Megasphaera massiliensis,
Otu0504,k__Bacteria,p__Firmicutes,c__Erysipelotrichia,o__Erysipelotrichales,f__Erysipelotrichaceae,g__Catenibacterium,,
Otu0505,k__Bacteria,p__Firmicutes,c__Clostridia,o__Clostridiales,f__Ruminococcaceae,g__Ruminococcus,s__Ruminococcus faecis,
Otu0506,k__Bacteria,p__Firmicutes,c__Clostridia,o__Clostridiales,f__Ruminococcaceae,g__Ruminococcus,s__Ruminococcus champanellensis,t__Ruminococcus champanellensis 18P13 = JCM 17042
Otu0507,k__Bacteria,p__Firmicutes,c__Clostridia,o__Clostridiales,f__Ruminococcaceae,g__Ruminococcus,s__Ruminococcus champanellensis,
Otu0508,k__Bacteria,p__Firmicutes,c__Clostridia,o__Clostridiales,f__Ruminococcaceae,g__Subdoligranulum,,
Otu0509,k__Bacteria,p__Firmicutes,c__Clostridia,o__Clostridiales,f__Ruminococcaceae,g__Ruminococcus,s__Ruminococcus faecis,t__Ruminococcus faecis JCM 15917
Otu0510,k__Bacteria,p__Firmicutes,c__Clostridia,o__Clostridiales,f__Ruminococcaceae,g__Ruminococcus,s__Ruminococcus lactaris,
Otu0511,k__Bacteria,p__Firmicutes,c__Clostridia,o__Clostridiales,f__Ruminococcaceae,g__Ruminococcus,s__Ruminococcus gauvreauii,
Otu0512,k__Bacteria,p__Firmicutes,c__Clostridia,o__Clostridiales,f__Ruminococcaceae,g__Ruminococcus,s__Ruminococcus lactaris,t__Ruminococcus lactaris ATCC 29176
Otu0513,k__Bacteria,p__Firmicutes,c__Clostridia,o__Clostridiales,f__Ruminococcaceae,g__Subdoligranulum,s__Subdoligranulum variabile,
Otu0514,k__Bacteria,p__Firmicutes,c__Erysipelotrichia,o__Erysipelotrichales,f__Erysipelotrichaceae,,,
Otu0515,k__Bacteria,p__Firmicutes,c__Erysipelotrichia,o__Erysipelotrichales,f__Erysipelotrichaceae,g__,s__[Eubacterium] dolichum,
Otu0516,k__Bacteria,p__Firmicutes,c__Erysipelotrichia,o__Erysipelotrichales,f__Erysipelotrichaceae,g__Bulleidia,s__Bulleidia extructa,
Otu0517,k__Bacteria,p__Firmicutes,c__Negativicutes,o__Selenomonadales,f__Selenomonadaceae,g__Megamonas,s__Megamonas rupellensis,
Otu0518,k__Bacteria,p__Firmicutes,c__Negativicutes,o__Selenomonadales,f__Selenomonadaceae,g__Megamonas,,
Otu0519,k__Bacteria,p__Firmicutes,c__Erysipelotrichia,o__Erysipelotrichales,f__Erysipelotrichaceae,g__Catenibacterium,s__Catenibacterium mitsuokai,
Otu0520,k__Bacteria,p__Firmicutes,c__Negativicutes,o__Acidaminococcales,f__Acidaminococcaceae,g__Phascolarctobacterium,s__Phascolarctobacterium succinatutens,
Otu0521,k__Bacteria,p__Firmicutes,c__Erysipelotrichia,o__Erysipelotrichales,f__Erysipelotrichaceae,g__Holdemanella,,
Otu0522,k__Bacteria,p__Firmicutes,c__Erysipelotrichia,o__Erysipelotrichales,f__Erysipelotrichaceae,g__Erysipelatoclostridium,s__Erysipelatoclostridium ramosum,
Otu0523,k__Bacteria,p__Firmicutes,c__Erysipelotrichia,o__Erysipelotrichales,f__Erysipelotrichaceae,g__Erysipelatoclostridium,,
Otu0524,k__Bacteria,p__Firmicutes,c__Erysipelotrichia,o__Erysipelotrichales,f__Erysipelotrichaceae,g__Coprobacillus,s__Coprobacillus cateniformis,
Otu0525,k__Bacteria,p__Firmicutes,c__Erysipelotrichia,o__Erysipelotrichales,f__Erysipelotrichaceae,g__Catenisphaera,,
Otu0526,k__Bacteria,p__Firmicutes,c__Erysipelotrichia,o__Erysipelotrichales,f__Erysipelotrichaceae,g__Coprobacillus,,
Otu0527,k__Bacteria,p__Firmicutes,c__Erysipelotrichia,o__Erysipelotrichales,f__Erysipelotrichaceae,g__Catenisphaera,s__Catenisphaera adipataccumulans,
Otu0528,k__Bacteria,p__Firmicutes,c__Erysipelotrichia,o__Erysipelotrichales,f__Erysipelotrichaceae,g__Dielma,s__Dielma fastidiosa,
Otu0529,k__Bacteria,p__Firmicutes,c__Erysipelotrichia,o__Erysipelotrichales,f__Erysipelotrichaceae,g__Dielma,,
Otu0530,k__Bacteria,p__Firmicutes,c__Erysipelotrichia,o__Erysipelotrichales,f__Erysipelotrichaceae,g__Coprobacillus,s__Coprobacillus cateniformis,t__Coprobacillus cateniformis JCM 10604
Otu0531,k__Bacteria,p__Firmicutes,c__Erysipelotrichia,o__Erysipelotrichales,f__Erysipelotrichaceae,g__Erysipelatoclostridium,s__[Clostridium] spiroforme,
Otu0532,k__Bacteria,p__Firmicutes,c__Erysipelotrichia,o__Erysipelotrichales,f__Erysipelotrichaceae,g__Erysipelatoclostridium,s__[Clostridium] innocuum,
Otu0533,k__Bacteria,p__Firmicutes,c__Erysipelotrichia,o__Erysipelotrichales,f__Erysipelotrichaceae,g__Erysipelatoclostridium,s__[Clostridium] saccharogumia,
Otu0534,k__Bacteria,p__Firmicutes,c__Erysipelotrichia,o__Erysipelotrichales,f__Erysipelotrichaceae,g__Faecalitalea,,
Otu0535,k__Bacteria,p__Firmicutes,c__Erysipelotrichia,o__Erysipelotrichales,f__Erysipelotrichaceae,g__Faecalicoccus,,
Otu0536,k__Bacteria,p__Firmicutes,c__Erysipelotrichia,o__Erysipelotrichales,f__Erysipelotrichaceae,g__Erysipelatoclostridium,s__[Clostridium] spiroforme,t__[Clostridium] spiroforme DSM 1552
Otu0537,k__Bacteria,p__Firmicutes,c__Erysipelotrichia,o__Erysipelotrichales,f__Erysipelotrichaceae,g__Faecalitalea,s__Faecalitalea cylindroides,
Otu0538,k__Bacteria,p__Firmicutes,c__Erysipelotrichia,o__Erysipelotrichales,f__Erysipelotrichaceae,g__Turicibacter,,
Otu0539,k__Bacteria,p__Firmicutes,c__Erysipelotrichia,o__Erysipelotrichales,f__Erysipelotrichaceae,g__Holdemanella,s__Holdemanella biformis,
Otu0540,k__Bacteria,p__Firmicutes,c__Erysipelotrichia,o__Erysipelotrichales,f__Erysipelotrichaceae,g__Massiliomicrobiota,,
Otu0541,k__Bacteria,p__Firmicutes,c__Erysipelotrichia,o__Erysipelotrichales,f__Erysipelotrichaceae,g__Longibaculum,s__Longibaculum muris,
Otu0542,k__Bacteria,p__Firmicutes,c__Erysipelotrichia,o__Erysipelotrichales,f__Erysipelotrichaceae,g__Holdemania,,
Otu0543,k__Bacteria,p__Firmicutes,c__Erysipelotrichia,o__Erysipelotrichales,f__Erysipelotrichaceae,g__Longibaculum,,
Otu0544,k__Bacteria,p__Firmicutes,c__Erysipelotrichia,o__Erysipelotrichales,f__Erysipelotrichaceae,g__Holdemania,s__Holdemania filiformis,
Otu0545,k__Bacteria,p__Firmicutes,c__Erysipelotrichia,o__Erysipelotrichales,f__Erysipelotrichaceae,g__Holdemania,s__Holdemania massiliensis,
Otu0546,k__Bacteria,p__Firmicutes,c__Erysipelotrichia,o__Erysipelotrichales,f__Erysipelotrichaceae,g__Holdemania,s__Holdemania massiliensis,t__Holdemania massiliensis AP2
Otu0547,k__Bacteria,p__Firmicutes,c__Erysipelotrichia,o__Erysipelotrichales,f__Erysipelotrichaceae,g__Longicatena,,
Otu0548,k__Bacteria,p__Firmicutes,c__Erysipelotrichia,o__Erysipelotrichales,f__Erysipelotrichaceae,g__Longicatena,s__Longicatena caecimuris,
Otu0549,k__Bacteria,p__Firmicutes,c__Erysipelotrichia,o__Erysipelotrichales,f__Erysipelotrichaceae,g__Massiliomicrobiota,s__Massiliomicrobiota timonensis,
Otu0550,k__Bacteria,p__Firmicutes,c__Erysipelotrichia,o__Erysipelotrichales,f__Erysipelotrichaceae,g__Traorella,s__Traorella massiliensis,
Otu0551,k__Bacteria,p__Firmicutes,c__Erysipelotrichia,o__Erysipelotrichales,f__Erysipelotrichaceae,g__Solobacterium,s__Solobacterium moorei,
Otu0552,k__Bacteria,p__Firmicutes,c__Erysipelotrichia,o__Erysipelotrichales,f__Erysipelotrichaceae,g__Traorella,,
Otu0553,k__Bacteria,p__Firmicutes,c__Erysipelotrichia,o__Erysipelotrichales,f__Erysipelotrichaceae,g__Turicibacter,s__Turicibacter sanguinis,
Otu0554,k__Bacteria,p__Firmicutes,c__Negativicutes,o__Acidaminococcales,f__Acidaminococcaceae,g__Phascolarctobacterium,s__Phascolarctobacterium faecium,
Otu0555,k__Bacteria,p__Firmicutes,c__Negativicutes,o__Acidaminococcales,f__Acidaminococcaceae,g__Phascolarctobacterium,,
Otu0556,k__Bacteria,p__Firmicutes,c__Negativicutes,o__Acidaminococcales,f__Acidaminococcaceae,g__Acidaminococcus,s__Acidaminococcus intestini,
Otu0557,k__Bacteria,p__Firmicutes,c__Negativicutes,o__Acidaminococcales,f__Acidaminococcaceae,g__Acidaminococcus,s__Acidaminococcus fermentans,t__Acidaminococcus fermentans DSM 20731
Otu0558,k__Bacteria,p__Firmicutes,c__Negativicutes,o__Acidaminococcales,f__Acidaminococcaceae,g__Acidaminococcus,s__Acidaminococcus fermentans,
Otu0559,k__Bacteria,p__Firmicutes,c__Negativicutes,o__Acidaminococcales,f__Acidaminococcaceae,g__Acidaminococcus,,
Otu0560,k__Bacteria,p__Firmicutes,c__Negativicutes,o__Acidaminococcales,f__Acidaminococcaceae,,,
Otu0561,k__Bacteria,p__Firmicutes,c__Negativicutes,o__Veillonellales,f__Veillonellaceae,g__Dialister,,
Otu0562,k__Bacteria,p__Firmicutes,c__Negativicutes,o__Selenomonadales,f__Selenomonadaceae,g__Mitsuokella,s__Mitsuokella jalaludinii,
Otu0563,k__Bacteria,p__Firmicutes,c__Negativicutes,o__Selenomonadales,f__Selenomonadaceae,g__Mitsuokella,,
Otu0564,k__Bacteria,p__Firmicutes,c__Negativicutes,o__Selenomonadales,f__Selenomonadaceae,g__Mitsuokella,s__Mitsuokella multacida,
Otu0565,k__Bacteria,p__Firmicutes,c__Negativicutes,o__Selenomonadales,f__Selenomonadaceae,g__Selenomonas,s__Selenomonas bovis,
Otu0566,k__Bacteria,p__Firmicutes,c__Negativicutes,o__Selenomonadales,f__Selenomonadaceae,g__Selenomonas,,
Otu0567,k__Bacteria,p__Firmicutes,c__Negativicutes,o__Veillonellales,f__Veillonellaceae,g__Allisonella,s__Allisonella histaminiformans,
Otu0568,k__Bacteria,p__Firmicutes,c__Negativicutes,o__Veillonellales,f__Veillonellaceae,,,
Otu0569,k__Bacteria,p__Firmicutes,c__Negativicutes,o__Veillonellales,f__Veillonellaceae,g__Allisonella,,
Otu0570,k__Bacteria,p__Firmicutes,c__Negativicutes,o__Veillonellales,f__Veillonellaceae,g__Caecibacter,s__Caecibacter massiliensis,
Otu0571,k__Bacteria,p__Firmicutes,c__Negativicutes,o__Veillonellales,f__Veillonellaceae,g__Caecibacter,,
Otu0572,k__Bacteria,p__Firmicutes,c__Negativicutes,o__Veillonellales,f__Veillonellaceae,g__Dialister,s__Dialister invisus,
Otu0573,k__Bacteria,p__Firmicutes,c__Negativicutes,o__Veillonellales,f__Veillonellaceae,g__Megasphaera,,
Otu0574,k__Bacteria,p__Firmicutes,c__Negativicutes,o__Veillonellales,f__Veillonellaceae,g__Dialister,s__Dialister invisus,t__Dialister invisus DSM 15470
Otu0575,k__Bacteria,p__Firmicutes,c__Negativicutes,o__Veillonellales,f__Veillonellaceae,g__Dialister,s__Dialister succinatiphilus,
Otu0576,k__Bacteria,p__Firmicutes,c__Negativicutes,o__Veillonellales,f__Veillonellaceae,g__Dialister,s__Dialister propionicifaciens,
Otu0577,k__Bacteria,p__Firmicutes,c__Negativicutes,o__Veillonellales,f__Veillonellaceae,g__Dialister,s__Dialister succinatiphilus,t__Dialister succinatiphilus YIT 11850
Otu0578,k__Bacteria,p__Firmicutes,c__Negativicutes,o__Veillonellales,f__Veillonellaceae,g__Megasphaera,s__Megasphaera indica,
Otu0579,k__Bacteria,p__Firmicutes,c__Negativicutes,o__Veillonellales,f__Veillonellaceae,g__Megasphaera,s__Megasphaera elsdenii,
Otu0580,k__Bacteria,p__Firmicutes,c__Negativicutes,o__Veillonellales,f__Veillonellaceae,g__Megasphaera,s__Megasphaera elsdenii,t__Megasphaera elsdenii DSM 20460
Otu0581,k__Bacteria,p__Firmicutes,c__Negativicutes,o__Veillonellales,f__Veillonellaceae,g__Megasphaera,s__Megasphaera micronuciformis,
Otu0582,k__Bacteria,p__Firmicutes,c__Tissierellia,o__Tissierellales,f__Peptoniphilaceae,g__Peptoniphilus,,
Otu0583,k__Bacteria,p__Firmicutes,c__Negativicutes,o__Veillonellales,f__Veillonellaceae,g__Veillonella,,
Otu0584,k__Bacteria,p__Firmicutes,c__Tissierellia,o__,f__,g__,s__[Bacteroides] coagulans,
Otu0585,k__Bacteria,p__Firmicutes,c__Negativicutes,o__Veillonellales,f__Veillonellaceae,g__Veillonella,s__Veillonella denticariosi,
Otu0586,k__Bacteria,p__Firmicutes,c__Negativicutes,o__Veillonellales,f__Veillonellaceae,g__Veillonella,s__Veillonella atypica,
Otu0587,k__Bacteria,p__Firmicutes,c__Negativicutes,o__Veillonellales,f__Veillonellaceae,g__Veillonella,s__Veillonella rodentium,
Otu0588,k__Bacteria,p__Firmicutes,c__Negativicutes,o__Veillonellales,f__Veillonellaceae,g__Veillonella,s__Veillonella parvula,
Otu0589,k__Bacteria,p__Firmicutes,c__Negativicutes,o__Veillonellales,f__Veillonellaceae,g__Veillonella,s__Veillonella dispar,
Otu0590,k__Bacteria,p__Firmicutes,c__Negativicutes,o__Veillonellales,f__Veillonellaceae,g__Veillonella,s__Veillonella parvula,t__Veillonella parvula DSM 2008
Otu0591,k__Bacteria,p__Firmicutes,c__Negativicutes,o__Veillonellales,f__Veillonellaceae,g__Veillonella,s__Veillonella rogosae,
Otu0592,k__Bacteria,p__Firmicutes,c__Tissierellia,o__Tissierellales,f__Peptoniphilaceae,g__Anaerococcus,,
Otu0593,k__Bacteria,p__Firmicutes,c__Tissierellia,o__Tissierellales,f__Peptoniphilaceae,g__Anaerococcus,s__Anaerococcus lactolyticus,
Otu0594,k__Bacteria,p__Firmicutes,c__Tissierellia,o__Tissierellales,f__Peptoniphilaceae,g__Parvimonas,s__Parvimonas micra,t__Parvimonas micra ATCC 33270
Otu0595,k__Bacteria,p__Firmicutes,c__Tissierellia,o__Tissierellales,f__Peptoniphilaceae,g__Finegoldia,s__Finegoldia magna,
Otu0596,k__Bacteria,p__Firmicutes,c__Tissierellia,o__Tissierellales,f__Peptoniphilaceae,g__Finegoldia,,
Otu0597,k__Bacteria,p__Firmicutes,c__Tissierellia,o__Tissierellales,f__Peptoniphilaceae,g__Anaerococcus,s__Anaerococcus vaginalis,t__Anaerococcus vaginalis ATCC 51170
Otu0598,k__Bacteria,p__Firmicutes,c__Tissierellia,o__Tissierellales,f__Peptoniphilaceae,g__Anaerococcus,s__Anaerococcus vaginalis,
Otu0599,k__Bacteria,p__Firmicutes,c__Tissierellia,o__Tissierellales,f__Peptoniphilaceae,g__Anaerococcus,s__Anaerococcus obesiensis,
Otu0600,k__Bacteria,p__Firmicutes,c__Tissierellia,o__Tissierellales,f__Peptoniphilaceae,g__Peptoniphilus,s__Peptoniphilus koenoeneniae,
Otu0601,k__Bacteria,p__Firmicutes,c__Tissierellia,o__Tissierellales,f__Peptoniphilaceae,g__Peptoniphilus,s__Peptoniphilus harei,
Otu0602,k__Bacteria,p__Firmicutes,c__Tissierellia,o__Tissierellales,f__Peptoniphilaceae,g__Peptoniphilus,s__Peptoniphilus indolicus,
Otu0603,k__Bacteria,p__Firmicutes,c__Tissierellia,o__Tissierellales,f__Peptoniphilaceae,g__Peptoniphilus,s__Peptoniphilus lacrimalis,
Otu0604,k__Bacteria,p__Fusobacteria,c__Fusobacteriia,o__Fusobacteriales,f__Fusobacteriaceae,g__Fusobacterium,,
Otu0605,k__Bacteria,p__Fusobacteria,c__Fusobacteriia,o__Fusobacteriales,f__Fusobacteriaceae,g__Fusobacterium,s__Fusobacterium nucleatum,t__Fusobacterium nucleatum subsp. vincentii
Otu0606,k__Bacteria,p__Fusobacteria,c__Fusobacteriia,o__Fusobacteriales,f__Fusobacteriaceae,g__Fusobacterium,s__Fusobacterium nucleatum,
Otu0607,k__Bacteria,p__Fusobacteria,c__Fusobacteriia,o__Fusobacteriales,f__Fusobacteriaceae,g__Fusobacterium,s__Fusobacterium nucleatum,t__Fusobacterium nucleatum subsp. animalis
Otu0608,k__Bacteria,p__Fusobacteria,c__Fusobacteriia,o__Fusobacteriales,f__Fusobacteriaceae,g__Fusobacterium,s__Fusobacterium periodonticum,
Otu0609,k__Bacteria,p__Proteobacteria,c__Betaproteobacteria,o__Burkholderiales,f__Sutterellaceae,g__Parasutterella,,
Otu0610,k__Bacteria,p__Proteobacteria,c__Betaproteobacteria,o__Burkholderiales,f__Sutterellaceae,g__Duodenibacillus,,
Otu0611,k__Bacteria,p__Proteobacteria,c__Betaproteobacteria,o__Burkholderiales,f__Oxalobacteraceae,g__Oxalobacter,,
Otu0612,k__Bacteria,p__Lentisphaerae,c__Lentisphaeria,o__Victivallales,f__Victivallaceae,g__Victivallis,,
Otu0613,k__Bacteria,p__Lentisphaerae,c__Lentisphaeria,o__Victivallales,f__Victivallaceae,g__Victivallis,s__Victivallis vadensis,t__Victivallis vadensis ATCC BAA-548
Otu0614,k__Bacteria,p__Proteobacteria,c__Betaproteobacteria,o__Burkholderiales,f__Burkholderiaceae,g__Cupriavidus,,
Otu0615,k__Bacteria,p__Proteobacteria,c__Alphaproteobacteria,o__Rhizobiales,f__Bradyrhizobiaceae,g__Bradyrhizobium,,
Otu0616,k__Bacteria,p__Proteobacteria,c__Alphaproteobacteria,o__Rhizobiales,,,,
Otu0617,k__Bacteria,p__Proteobacteria,c__Alphaproteobacteria,o__Caulobacterales,f__Caulobacteraceae,g__Caulobacter,,
Otu0618,k__Bacteria,p__Proteobacteria,c__Alphaproteobacteria,o__Rhizobiales,f__Bradyrhizobiaceae,g__Afipia,,
Otu0619,k__Bacteria,p__Proteobacteria,c__Alphaproteobacteria,o__Rhizobiales,f__Bradyrhizobiaceae,g__Afipia,s__Afipia massiliensis,
Otu0620,k__Bacteria,p__Proteobacteria,c__Betaproteobacteria,o__Burkholderiales,f__,g__Aquabacterium,,
Otu0621,k__Bacteria,p__Proteobacteria,c__Alphaproteobacteria,o__Sphingomonadales,f__Sphingomonadaceae,g__Sphingomonas,,
Otu0622,k__Bacteria,p__Proteobacteria,c__Alphaproteobacteria,o__Rhizobiales,f__Methylobacteriaceae,g__Methylobacterium,s__Methylobacterium persicinum,
Otu0623,k__Bacteria,p__Proteobacteria,c__Alphaproteobacteria,o__Sphingomonadales,f__Sphingomonadaceae,g__Sphingomonas,s__Sphingomonas koreensis,
Otu0624,k__Bacteria,p__Proteobacteria,c__Betaproteobacteria,o__Burkholderiales,f__Burkholderiaceae,g__Ralstonia,s__Ralstonia mannitolilytica,
Otu0625,k__Bacteria,p__Proteobacteria,c__Betaproteobacteria,o__Burkholderiales,f__Burkholderiaceae,g__Ralstonia,,
Otu0626,k__Bacteria,p__Proteobacteria,c__Betaproteobacteria,o__Burkholderiales,f__Burkholderiaceae,g__Lautropia,s__Lautropia mirabilis,
Otu0627,k__Bacteria,p__Proteobacteria,c__Betaproteobacteria,o__Burkholderiales,f__Comamonadaceae,g__Pelomonas,,
Otu0628,k__Bacteria,p__Proteobacteria,c__Betaproteobacteria,o__Burkholderiales,f__Oxalobacteraceae,g__Oxalobacter,s__Oxalobacter formigenes,
Otu0629,k__Bacteria,p__Proteobacteria,c__Betaproteobacteria,o__Burkholderiales,f__Sutterellaceae,g__Duodenibacillus,s__Duodenibacillus massiliensis,
Otu0630,k__Bacteria,p__Proteobacteria,c__Betaproteobacteria,o__Burkholderiales,f__Sutterellaceae,g__Sutterella,,
Otu0631,k__Bacteria,p__Proteobacteria,c__Betaproteobacteria,o__Burkholderiales,f__Sutterellaceae,g__Parasutterella,s__Parasutterella secunda,
Otu0632,k__Bacteria,p__Proteobacteria,c__Betaproteobacteria,o__Burkholderiales,f__Sutterellaceae,g__Sutterella,s__Sutterella wadsworthensis,
Otu0633,k__Bacteria,p__Proteobacteria,c__Deltaproteobacteria,o__Desulfovibrionales,f__Desulfovibrionaceae,g__Desulfovibrio,,
Otu0634,k__Bacteria,p__Proteobacteria,c__Betaproteobacteria,o__Burkholderiales,f__Sutterellaceae,g__Turicimonas,s__Turicimonas muris,
Otu0635,k__Bacteria,p__Verrucomicrobia,c__Verrucomicrobiae,o__Verrucomicrobiales,f__Akkermansiaceae,g__Akkermansia,,
Otu0636,k__Bacteria,p__Proteobacteria,c__Gammaproteobacteria,o__Enterobacterales,f__Enterobacteriaceae,,,
Otu0637,k__Bacteria,p__Proteobacteria,c__Deltaproteobacteria,o__Desulfovibrionales,f__Desulfovibrionaceae,g__Desulfovibrio,s__Desulfovibrio piger,
Otu0638,k__Bacteria,p__Proteobacteria,c__Deltaproteobacteria,o__Desulfovibrionales,f__Desulfovibrionaceae,g__Desulfovibrio,s__Desulfovibrio intestinalis,
Otu0639,k__Bacteria,p__Proteobacteria,c__Deltaproteobacteria,o__Desulfovibrionales,f__Desulfovibrionaceae,g__Desulfovibrio,s__Desulfovibrio desulfuricans,
Otu0640,k__Bacteria,p__Proteobacteria,c__Deltaproteobacteria,o__Desulfovibrionales,f__Desulfovibrionaceae,g__Desulfovibrio,s__Desulfovibrio desulfuricans,t__Desulfovibrio desulfuricans subsp. desulfuricans
Otu0641,k__Bacteria,p__Proteobacteria,c__Deltaproteobacteria,o__Desulfovibrionales,f__Desulfovibrionaceae,g__Desulfovibrio,s__Desulfovibrio legallii,
Otu0642,k__Bacteria,p__Proteobacteria,c__Epsilonproteobacteria,o__Campylobacterales,f__Campylobacteraceae,g__Campylobacter,,
Otu0643,k__Bacteria,p__Proteobacteria,c__Deltaproteobacteria,o__Desulfovibrionales,f__Desulfovibrionaceae,g__Mailhella,s__Mailhella massiliensis,
Otu0644,k__Bacteria,p__Proteobacteria,c__Gammaproteobacteria,o__Enterobacterales,,,,
Otu0645,k__Bacteria,p__Proteobacteria,c__Epsilonproteobacteria,o__Campylobacterales,f__Campylobacteraceae,g__Campylobacter,s__Campylobacter ureolyticus,
Otu0646,k__Bacteria,p__Proteobacteria,c__Epsilonproteobacteria,o__Campylobacterales,f__Campylobacteraceae,g__Campylobacter,s__Campylobacter hominis,
Otu0647,k__Bacteria,p__Proteobacteria,c__Epsilonproteobacteria,o__Campylobacterales,f__Campylobacteraceae,g__Campylobacter,s__Campylobacter ureolyticus,t__Campylobacter ureolyticus DSM 20703
Otu0648,k__Bacteria,p__Proteobacteria,c__Gammaproteobacteria,o__Aeromonadales,f__Succinivibrionaceae,g__Succinivibrio,,
Otu0649,k__Bacteria,p__Synergistetes,c__Synergistia,o__Synergistales,f__Synergistaceae,g__Fretibacterium,s__Fretibacterium fastidiosum,
Otu0650,k__Bacteria,p__Synergistetes,c__Synergistia,o__Synergistales,f__Synergistaceae,g__Cloacibacillus,,
Otu0651,k__Bacteria,p__Proteobacteria,c__Gammaproteobacteria,o__Enterobacterales,f__Enterobacteriaceae,g__Cronobacter,s__Cronobacter condimenti,t__Cronobacter condimenti 1330
Otu0652,k__Bacteria,p__Proteobacteria,c__Gammaproteobacteria,o__Enterobacterales,f__Enterobacteriaceae,g__Citrobacter,,
Otu0653,k__Bacteria,p__Proteobacteria,c__Gammaproteobacteria,o__Enterobacterales,f__Hafniaceae,g__Hafnia,,
Otu0654,k__Bacteria,p__Proteobacteria,c__Gammaproteobacteria,o__Enterobacterales,f__Enterobacteriaceae,g__Klebsiella,,
Otu0655,k__Bacteria,p__Proteobacteria,c__Gammaproteobacteria,o__Enterobacterales,f__Enterobacteriaceae,g__Escherichia,s__Escherichia coli,
Otu0656,k__Bacteria,p__Proteobacteria,c__Gammaproteobacteria,o__Enterobacterales,f__Enterobacteriaceae,g__Escherichia,,
Otu0657,k__Bacteria,p__Proteobacteria,c__Gammaproteobacteria,o__Enterobacterales,f__Enterobacteriaceae,g__Enterobacter,s__Enterobacter massiliensis,t__Enterobacter massiliensis JC163
Otu0658,k__Bacteria,p__Proteobacteria,c__Gammaproteobacteria,o__Enterobacterales,f__Enterobacteriaceae,g__Cronobacter,s__Cronobacter sakazakii,
Otu0659,k__Bacteria,p__Proteobacteria,c__Gammaproteobacteria,o__Enterobacterales,f__Enterobacteriaceae,g__Enterobacter,,
Otu0660,k__Bacteria,p__Proteobacteria,c__Gammaproteobacteria,o__Enterobacterales,f__Enterobacteriaceae,g__Escherichia,s__Escherichia fergusonii,
Otu0661,k__Bacteria,p__Proteobacteria,c__Gammaproteobacteria,o__Enterobacterales,f__Enterobacteriaceae,g__Pseudocitrobacter,,
Otu0662,k__Bacteria,p__Proteobacteria,c__Gammaproteobacteria,o__Enterobacterales,f__Enterobacteriaceae,g__Klebsiella,s__Klebsiella variicola,
Otu0663,k__Bacteria,p__Proteobacteria,c__Gammaproteobacteria,o__Enterobacterales,f__Enterobacteriaceae,g__Klebsiella,s__Klebsiella oxytoca,
Otu0664,k__Bacteria,p__Proteobacteria,c__Gammaproteobacteria,o__Enterobacterales,f__Enterobacteriaceae,g__Kluyvera,s__Kluyvera georgiana,
Otu0665,k__Bacteria,p__Proteobacteria,c__Gammaproteobacteria,o__Enterobacterales,f__Enterobacteriaceae,g__Mangrovibacter,,
Otu0666,k__Bacteria,p__Proteobacteria,c__Gammaproteobacteria,o__Enterobacterales,f__Enterobacteriaceae,g__Shigella,,
Otu0667,k__Bacteria,p__Proteobacteria,c__Gammaproteobacteria,o__Enterobacterales,f__Enterobacteriaceae,g__Shigella,s__Shigella boydii,
Otu0668,k__Bacteria,p__Proteobacteria,c__Gammaproteobacteria,o__Pasteurellales,f__Pasteurellaceae,g__Haemophilus,s__Haemophilus parainfluenzae,t__Haemophilus parainfluenzae ATCC 33392
Otu0669,k__Bacteria,p__Proteobacteria,c__Gammaproteobacteria,o__Pasteurellales,f__Pasteurellaceae,g__Haemophilus,,
Otu0670,k__Bacteria,p__Proteobacteria,c__Gammaproteobacteria,o__Enterobacterales,f__Morganellaceae,g__Proteus,s__Proteus mirabilis,
Otu0671,k__Bacteria,p__Proteobacteria,c__Gammaproteobacteria,o__Pasteurellales,f__Pasteurellaceae,g__Haemophilus,s__Haemophilus parainfluenzae,
Otu0672,k__Bacteria,p__Spirochaetes,c__Spirochaetia,o__Brachyspirales,f__Brachyspiraceae,g__Brachyspira,s__Brachyspira aalborgi,
Otu0673,k__Bacteria,p__Synergistetes,c__Synergistia,o__Synergistales,f__Synergistaceae,g__Cloacibacillus,s__Cloacibacillus porcorum,
Otu0674,k__Bacteria,p__Synergistetes,c__Synergistia,o__Synergistales,f__Synergistaceae,g__Cloacibacillus,s__Cloacibacillus evryensis,
Otu0675,k__Bacteria,p__Synergistetes,c__Synergistia,o__Synergistales,f__Synergistaceae,g__Pyramidobacter,s__Pyramidobacter piscolens,
Otu0676,k__Bacteria,p__Synergistetes,c__Synergistia,o__Synergistales,f__Synergistaceae,g__Pyramidobacter,,
Otu0677,k__Bacteria,p__Verrucomicrobia,c__Verrucomicrobiae,o__Verrucomicrobiales,f__Akkermansiaceae,g__Akkermansia,s__Akkermansia muciniphila,
Otu0678,k__Bacteria,p__Verrucomicrobia,c__Verrucomicrobiae,o__Verrucomicrobiales,f__Akkermansiaceae,g__Akkermansia,s__Akkermansia muciniphila,t__Akkermansia muciniphila ATCC BAA-835
